title,ask,answer,content,time_now,user
客厅空调选格力KFR-72LW/(72596)FNAa-A3还是长虹KFR-72LW/DAW1+A1,"家里装修好，就差客厅没安装，我安徽的，客厅空调用的少，主要在卧室所以想选个性价比高点的国产空调。先上图,jpg - 副本.JPG,(181.29 KB, 下载次数: 0),下载附件,2017-11-6 13:32 上传,黑色部分是客厅和餐厅，大的客厅小的餐厅，重合部分是相通，客厅和阳台是有门的，白色小方框是空调机位，想在客厅搞一个3p空调，求推荐，另外看了下格力,KFR-72LW/(72596)FNAa-A3和长虹,KFR-72LW/DAW1+A1,哪个可以选，或者有没有其他更好的选择，求大佬指导,格力,KFR-72LW/(72596)FNAa-A3参数：,]6Y{N90@_URU3WMOYQ717_M.png,(78.55 KB, 下载次数: 0),下载附件,2017-11-6 13:47 上传,长虹,KFR-72LW/DAW1+A1参数：,：,SFD_[FMHD)I1]OVJOJ[L23C.png,(88.44 KB, 下载次数: 0),下载附件,2017-11-6 13:47 上传",,,2017/11/6 13:49,爱你么么哒
,,,草，图片上多了,2017/11/6 13:50,爱你么么哒
,,,"两台挂机最实用,一台2P,一台1.5P,都用格力定频，一共7000搞定",2017/11/7 10:59,SUNSHINEJJP
格力的三级能耗品圆和一级能耗京致选哪个？,格力的三级能耗品圆和一级能耗京致选哪个？都是1.5匹，品圆2769，京致3688，相差900，选哪个好？,,,2017/10/28 1:20,nestling
,,,三级能效变频品圆，一级能效变频京致，相差900，都是1.5匹，选哪个好？,2017/10/28 5:36,nestling
,,,品圆好像是R32的，我是不买,2017/10/30 0:44,loach
,,品圆好像是R32的，我是不买,R32那里不好？求解。,2017/10/30 23:26,lxh1983323
,,R32那里不好？求解。,容易爆炸好像,2017/10/31 22:54,loach
大金二级能效和格力一级能效怎么选？,"家里用了将近20年的春兰空调不行了，打算换一台再用20年,。,对空调不太了解，需要冬天制热效果好点，这两天逛论坛学习，了解到不要电辅热制热好需要达到一级能效的机器，但是大金的一级能效太贵了，只能接受1.5P四千左右的价格，这个价位看下来可以买格力一级能效或者大金二级能效的。所以就纠结了，大金的二级能效能不能干过格力的一级能效？或者各位能不能给个推荐？",,,2017/10/25 21:12,qiliyuan
,,,格力一级就不贵了吗？,2017/10/25 21:16,geduo1985
,,,电机rfj,2017/10/25 22:20,yzx251314
,,,制热两都不行，搞东芝吧，绝对够力,2017/10/25 23:20,ldr1977
,,,制热就不要买国&#128020; 随便怎么吹都不要买。,2017/10/25 23:28,kevin.hu
,,电机rfj,制热如何？,2017/10/26 8:19,chen861226
,,制热就不要买国&#128020; 随便怎么吹都不要买。,国产柜机制热还可以，就是有个2500瓦电辅热吓人,2017/10/26 8:20,chen861226
,,制热如何？,我15个平方，坐标武汉！制热挺好的。,2017/10/26 9:57,yzx251314
,,,大金制热差一些，同价位二级能效不如电机和重工。国产美的格力一级r32制热和耐用性应该没问题，同价位日系是牛逼在温控和静音，冷热水平都很一般,2017/10/27 7:34,SUNSHINEJJP
,,我15个平方，坐标武汉！制热挺好的。,武汉冬天不太冷,2017/10/27 8:40,chen861226
一拖一的大三匹风管机，格力，美的，日立该怎么选啊？求推荐,"客餐厅连在一起，大概35平左右，想买个大三匹风管机，看了几款,Midea/美的KFR-72T2W/BP2DN1-TR中央空调 一拖一变频风管机 大3匹   7300,格力fgr7.2pd/c1na 变频 8800,日立的RAS-72HN7Q 定频 8800,现在纠结买啥？想买日立，但没有电辅热，怕是冬天制热效果不好，而且这个型号好像是15年的老款，网上信息也少！美的制热耗电量又有点大？格力的也不知道怎么样！求大家推荐下！",,,2017/10/21 15:37,water163
,,,要个定频的就好，风管这种东西坏了难修,2017/10/21 18:57,6191
,,,日立太贵了吧，我变频不过9000,2017/10/21 21:11,chen861226
,,日立太贵了吧，我变频不过9000,想问下日立效果怎么样，主要担心没有电辅热！,2017/10/22 8:27,water163
[涨知识]怎样计算格力空调的用电量您知道吗？,"作,者,被,禁,止,或,删,除, ,内,容,自,动,屏,蔽",,,2017/6/21 14:51,lixinweixiu
,,想问下日立效果怎么样，主要担心没有电辅热！,电辅热耗电高，怎么会有要它的,2017/10/22 8:35,zym197603
,,想问下日立效果怎么样，主要担心没有电辅热！,还没试过，今年刚装，,2017/10/22 8:53,chen861226
,,电辅热耗电高，怎么会有要它的,主要是怕不开不暖和啊，别的空调都带，唯独日本的不带！再说电辅热可以控制开启或者关闭！,2017/10/22 9:20,water163
【讨论】格力空调不制冷了，怎么维修？,"作,者,被,禁,止,或,删,除, ,内,容,自,动,屏,蔽",,,2017/6/20 1:56,lixinweixiu
,,主要是怕不开不暖和啊，别的空调都带，唯独日本的不带！再说电辅热可以控制开启或者关闭！,电辅热会偷开的,2017/10/22 9:29,zym197603
单位格力润享一级变频空调，测试结果。,"r32冷媒，据说零下15度出风口50度，我来说说我的测试结果。,首先，单位这台是32机，查了一下参数，32机和35机内外机尺寸和重量完全一样，其实就是没有区别，那么区别在哪里？就是一个标32，一个标35。,我之所以敢这么说，不是因为一个参数，而是这款32空调的制热功率，在室外2度左右的情况下，最大功率是1800多瓦。,开电辅，关电辅，无反应，1800多瓦很稳定，32机的最大制热功率是1200多瓦，这个1800多很有问题。,出风口温度55度左右，确实可以，我怀疑是用了两匹的压机。,那么说35的机器，和这个32的完全一样，也是用了两匹的压机。,也有一种可能，电辅始终介入，但1800的功率，似乎没电辅什么事。,这就是格力的一级变频，零下15度制热，大家说有点意思吧。,另外，坛子瘫痪8天，终于恢复了，可喜可贺。",,,2017/1/12 23:39,shuye569
,,,垃圾广告贴,2017/6/20 8:45,tjxwb1
武汉的朋友看过来>聊聊格力空调漏水的维修方法===,"作,者,被,禁,止,或,删,除, ,内,容,自,动,屏,蔽",,,2017/6/17 12:48,lixinweixiu
,,,坛子瘫痪8天，终于恢复了，可喜可贺,2017/1/13 9:01,yfdream
,,,制热不错吧，电辅热的话，是不是就和房间多一个暖风机差不多？,2017/1/13 10:18,沨沨
,,,格力一体水盘的 如何处理？整机安装平衡 左下角漏水,2017/6/18 22:29,nx713
,,,"漏水一般是铜管外露结露引起的，另外就是内机背部壳体绝热没做好，还有排水管非安装侧塞子处结露,维修方法就是请师傅运转一段时间等结露了，小心拆下来找到原因进行对策。",2017/6/19 16:30,bullet
,,,"终于恢复了，祝贺。,看看铭牌，有没有电辅助，功率多少。有些空调，比如我用过的一款科龙，只要温度设置超过25度，电辅助自动打开，关都关不住。多试试看看电辅助到底有没有介入",2017/1/14 6:45,被迫生活
,,"终于恢复了，祝贺。,看看铭牌，有没有电辅助，功率多少。有些空调，比如我用过的一款科龙，只要温度设置 ...","额定制热功率(W)        1260(120-1750),电辅热(w) 1000,开机稳定后，几乎一直保持1850w，非常稳定。如果最大功率的话，偶尔是有可能，长时间保持1850w，几乎是不可能的。,从32机和35机参数完全一致看，我很怀疑他使用了两匹的压机。,回头再去测一下，比如设到22度，看开关电辅功率会不会有变化。,另外很特别的一点是它的风速设定，没有auto，高中低3档，外加一个强劲，试了强劲风，确实比高风风量更大一些。",2017/1/14 21:14,shuye569
,,,我以前的35海尔机，在温度没达到设定前，比如设30度，除了化霜全天制热几乎可以跑1800W。压缩机功率余量比较大是有可能的，饭量大是好事,2017/1/15 6:39,被迫生活
格力空调开不了机维修-格力空调开不了机维修方法,"作,者,被,禁,止,或,删,除, ,内,容,自,动,屏,蔽",,,2017/6/19 16:02,lixinweixiu
,,,"本帖最后由 az6338890 于 2017-1-15 11:46 编辑,会不会是电辅热一直工作不能关，另外800w才是其他功耗",2017/1/15 11:45,az6338890
,,会不会是电辅热一直工作不能关，另外800w才是其他功耗,800w不可能的，最少也得有个一千多。,2017/1/15 11:54,shuye569
武汉格力空调维修/2017格力空调加氟最新价格/多少钱？,"作,者,被,禁,止,或,删,除, ,内,容,自,动,屏,蔽",,,2017/6/17 23:18,lixinweixiu
,,,格x变频35滴压机排量大概是10以内，1800w功率2度干到出风55度这个很正常，如果零下15度能功率1800w大风风量下干到出风50度那才叫能力,2017/1/15 12:42,mantuoluo
,,格x变频35滴压机排量大概是10以内，1800w功率2度干到出风55度这个很正常，如果零下15度能功率1800w大风风量 ...,那有没有用2匹压机的可能？,2017/1/15 18:58,shuye569
,,,制热如何啊？？？？,2017/1/15 20:42,yfdream
,,,你们空调抽真空能和雪军一样正规吗，每道程序都正确吗。敢保证吗？,2017/6/18 20:58,a1397119
<6.18优惠活动>6.18-武汉格力空调维修约您8折来洗空调,"作,者,被,禁,止,或,删,除, ,内,容,自,动,屏,蔽",,,2017/6/17 5:50,lixinweixiu
,,制热如何啊？？？？,还可以吧，50多度，你想想1850w，很厉害了，出风口温度没理由不高的。,2017/1/16 21:16,shuye569
,,,日立的3p风管机，制热也就是这功率，大约2000W这样子,2017/1/28 23:49,fly9901
,,日立的3p风管机，制热也就是这功率，大约2000W这样子,你日立三匹风管机制热效果如何？,2017/6/30 23:23,chen861226
格力的品园1.5定频怎么样,房间顶层西晒，县城海拔较高太阳落山气温就慢慢降下来，所以使用时间基本就最热的下午。618看到格力活动品园1.5p定频只要2549元，不知道格力品园怎么样,,,2017/6/16 14:38,linwq1989
,,你日立三匹风管机制热效果如何？,还可以，过一会儿家里就暖和了,2017/8/23 23:47,fly9901
,,还可以，过一会儿家里就暖和了,你们那里冬天室外什么温度？,2017/8/24 6:15,chen861226
,,,品圆定频1.5匹去年双12最低见过2399，今年格力都升价了，我也考虑这款,2017/6/16 18:05,风中麦田
,,品圆定频1.5匹去年双12最低见过2399，今年格力都升价了，我也考虑这款,还有一款风采1.5介绍说新款，,2017/6/16 18:21,linwq1989
,,,还是多花四五百上三菱电机的CE12或者日立的36KHN比较靠谱,2017/6/16 20:25,东芝飞视
,,还可以，过一会儿家里就暖和了,变频空调制冷好像大多软绵绵的，新装的美的和日立都是，开时间长了，温度才能下来，只有电机比较暴力一点,2017/8/24 19:08,chen861226
,,格x变频35滴压机排量大概是10以内，1800w功率2度干到出风55度这个很正常，如果零下15度能功率1800w大风风量 ...,排量好像是091,2017/8/25 2:26,6191
,,那有没有用2匹压机的可能？,不大可能，电机zhj12是2p压机。最大功率快3kw了（snb130）,2017/8/25 2:27,6191
,,,不推荐，格力的内机普遍有杂音，杂音+风声，晚上睡觉的时候很折磨人。,2017/6/16 21:35,格力空调哒哒哒
求助：格力空调噪音越来越多怎么办？【3年的机子】,"作,者,被,禁,止,或,删,除, ,内,容,自,动,屏,蔽",,,2017/6/14 14:15,lixinweixiu
,,还可以，过一会儿家里就暖和了,客厅35平米，冬天对制热有要求，2.5平米的线，是安装日系不带电辅热的3匹空调好，还是安装国产带电辅热的3匹，拔掉电辅热好，还是直接安装2匹带电辅热，不拔好？,2017/8/25 19:21,chen861226
,,客厅35平米，冬天对制热有要求，2.5平米的线，是安装日系不带电辅热的3匹空调好，还是安装国产带电辅热的 ...,日系不带电辅热，说明压缩机制热技术过关，空气不干燥，带电辅热空气干燥,2017/8/26 12:16,fly9901
,,日系不带电辅热，说明压缩机制热技术过关，空气不干燥，带电辅热空气干燥,日系制热数据上不如国产，实际使用还不知道如何呢,2017/8/26 12:18,chen861226
,,"武汉格力空调维修http:,www.58gree.com,[/url]的师傅来帮我检查了看了，从3个方面来检查的都没有问题：,1、 ...","专业的解决办法：,1）外机四个固定脚加橡胶减震垫,2）外机压缩机配管与外壳、其他东西产生摩擦，太近（解决办法：拆开外机可以开机观察到）,3）外机的压缩机3个减震脚垫龟裂，损坏。压缩机失去平衡，或者固定压缩机脚的其中一个螺丝松了，饱死咬死。,4）制冷系统真空不良,5）室内机 — 室外机安装的连接管盘旋盘管过多,6） 室内机低于室外机，室外机高于室内机   （压缩机回油问题，导致压缩机机械零件摩擦，磨损过大）,7）压缩机电容容量衰减部分,8）这种问题（隔离,空调）都没有一个非常专业的告知，都是垃圾！",2017/6/14 14:44,南昌雪军
,,,压缩机磨损噪音变大！！！,2017/6/14 15:53,icfeng
,,日系不带电辅热，说明压缩机制热技术过关，空气不干燥，带电辅热空气干燥,我打400电话咨询美的电辅热能否强制拔除的事情，刚才美的本地的师傅回电话过来，说拔掉电辅热很容易，但是如果柜机把电辅热拔掉，那么冬天零度的时候制热还能将就，零下五度的时候就一点效果没有的，看来美的对自己的制热还是没什么信心啊,2017/8/26 17:08,chen861226
,,日系不带电辅热，说明压缩机制热技术过关，空气不干燥，带电辅热空气干燥,因为机位的宽度问题，我家风管机外机的背部几乎紧贴着墙体，这样使用起来会有影响吗？,2017/8/27 5:18,chen861226
,,因为机位的宽度问题，我家风管机外机的背部几乎紧贴着墙体，这样使用起来会有影响吗？,有影响，至少散热差了点，但风扇开口处没有遮挡就好,2017/10/17 10:42,fly9901
,,"专业的解决办法：,1）外机四个固定脚加橡胶减震垫",家里的3匹格力柜机制热声音特响，制冷略轻些，请师傅看了说是正常，有什么好办法？,2017/6/14 16:04,hycxd
,,,我楼下邻居家也是，格力的，一开吵死，他家一开空调我家也要马上开，不然晚上开窗睡不着觉,2017/6/14 17:12,volvo1989
几部格力空调大神们给看看怎么样,"某安装公司国庆在做活动，客厅和餐厅的风管机分别是FG5/C1和FG2.3/C1，一个两匹一个小一匹，剩下的3个房间用的Q畅,KF-26GW/(26370)Ga-3，都是1匹，房间不大，两个10平米，一个15平米，都是南边房。主要是便宜特价，Q畅1880，风管机小一匹1800,2匹是3000多，各位看看这几部机器制冷效果怎么样？只找到一点,KF-26GW的参数：,制冷类型单冷；匹数1匹；定频；能效等级3级；适用面积(平方米)12-18；制冷量(W)2650；制冷功率(W)808；内机噪音(dB(A)22-35；外机噪音(dB(A)≤49；循环风量(m3/h)540。有劳了",,,2017/10/6 8:18,hewpong
,,,格力的压缩机和美的的还是有差距,2017/6/14 19:40,keke810602
,,我楼下邻居家也是，格力的，一开吵死，他家一开空调我家也要马上开，不然晚上开窗睡不着觉,我的邻居和你一样，一台破格力拖拉机的声音，投诉到格力总部也不解决，补贴800叫他换机嫌太少，9年的机器了。,2017/6/14 23:33,ROVE
,,,格力的菱达压缩机在坛内是口碑是很差的.,2017/6/15 13:51,winbh
,,,风管机不好,2017/10/6 10:16,zym197603
,,,装了就后悔 除了美观 一无是处 单价给你便宜 安装又加钱,2017/10/6 10:25,keke810602
,,,我家有台格力，冬天制热贼响，而且是开了一段时间后才这样，售后看过几次，每次售后在，他又不响了，而且售后说，噪音稍微大点正常，简直无语,2017/6/15 13:54,西西里狒狒
各位大神 格力润享玉润造型 1级值得入手吗,"润享变频空调_玉润造型 1级能效_KFR-32GW/(32594)FNAa-A1 变频 冷暖 小1.5匹机 挂壁式空调 15-22平方米适用 高亮白,[tr][/tr],上海4399，是否值得入手吗",,,2017/5/10 21:13,zhh8231
,,装了就后悔 除了美观 一无是处 单价给你便宜 安装又加钱,中央空调呢？,2017/10/6 10:36,chen861226
,,,格力就算了，没有性价比，售后质量差得一塌糊涂,2017/10/6 11:32,海浪FM
,,,真那么差？我看电商的评价还可以啊，Q畅大一匹有人甚至装20平米的房间,2017/10/8 22:56,hewpong
,,,还有Gree/格力 KFR-35GW/(35594)FNBa-A1大1.5匹变频空调壁挂式润琦，价格是4200。,2017/5/10 21:19,zhh8231
,,,还可以 我目前用的就是润享领跑者型号的35G 我3700入手的 就是室外机尤其的安静,2017/5/15 22:40,新的会计年
,,,价格有点高,2017/5/15 22:58,xbqwe
,,真那么差？我看电商的评价还可以啊，Q畅大一匹有人甚至装20平米的房间,想以后成为格力一生黑就去买。,2017/10/9 16:52,gzmino
等会买松下UE13KK1怡涵去！格力的东西以后都不看，售后态度很差,等会买松下UE13KK1怡涵去！格力的东西以后都不看，售后态度很差,,,2017/10/1 15:31,CZNOLAY
,,还可以 我目前用的就是润享领跑者型号的35G 我3700入手的 就是室外机尤其的安静,"老兄的润享领跑者型号的35G，3700入价格很低啊,请问这款机子怎么样，温控准吗",2017/6/2 18:13,xixia
,,"老兄的润享领跑者型号的35G，3700入价格很低啊,请问这款机子怎么样，温控准吗",很好 我个人感觉 还包安装 支架我没有用商家的 买了东豪的304不锈钢 全直流变频的 电子阀控温,2017/6/4 19:46,新的会计年
,,很好 我个人感觉 还包安装 支架我没有用商家的 买了东豪的304不锈钢 全直流变频的 电子阀控温,"谢谢，那就放心了,以前用的格力空调其他还好，就是温控不准,所以还在犹豫....",2017/6/5 11:40,xixia
,,,就差那么点钱？,2017/10/1 15:40,jesson
,,,上个月退了一台2P的格力 R32居然不抽真空给我安装了，我当时还蒙在股里，后来制冷差得 出风口温度长期居高不下,2017/10/1 15:45,CZNOLAY
,,,刚装的4年格力柜机3P 不制冷了，叫售后，那态度 还没说完，直接挂我电话，约定时间是敷衍我，我说早点过来修，她还说今天我这不方便就改天,2017/10/1 15:47,CZNOLAY
,,"谢谢，那就放心了,以前用的格力空调其他还好，就是温控不准,所以还在犹豫....",现在也一样，要温控还是选日系合资品牌吧！要暴力制冷格力确实不错,2017/6/5 12:41,xxlby
,,"谢谢，那就放心了,以前用的格力空调其他还好，就是温控不准,所以还在犹豫....",我觉得挺好的 每个人的观点不一样 我的想法是价格得和品质对等,2017/6/6 11:48,新的会计年
,,"谢谢，那就放心了,以前用的格力空调其他还好，就是温控不准,所以还在犹豫....",我觉得温控挺准确的 而且现在32吹出来的风没有那么生冷 在房间有凉感体验很好,2017/6/6 22:30,新的会计年
,,,ue13KK1价格是4500,2017/10/1 15:48,CZNOLAY
,,,松下很好么？,2017/10/1 15:49,jesson
,,刚装的4年格力柜机3P 不制冷了，叫售后，那态度 还没说完，直接挂我电话，约定时间是敷衍我，我说早点过来 ...,你说日系制热刚刚的，不过日系除了几种旗舰机，其他制热参数一般般，还不如国产呢，是怎么回事？,2017/10/1 15:51,chen861226
,,我觉得温控挺准确的 而且现在32吹出来的风没有那么生冷 在房间有凉感体验很好,"32？,什么意思",2017/6/6 23:16,xixia
,,"32？,什么意思",制冷剂现在是R32的 不是R410A的制冷剂了,2017/6/7 23:24,新的会计年
,,制冷剂现在是R32的 不是R410A的制冷剂了,谢谢老兄,2017/6/8 9:45,xixia
,,你说日系制热刚刚的，不过日系除了几种旗舰机，其他制热参数一般般，还不如国产呢，是怎么回事？,国产制热全部是电辅热，包括格力。,2017/10/1 15:54,recording
,,你说日系制热刚刚的，不过日系除了几种旗舰机，其他制热参数一般般，还不如国产呢，是怎么回事？,不是的，电辅热功率另外算,2017/10/1 16:02,chen861226
,,国产制热全部是电辅热，包括格力。,电辅热功率另外算的,2017/10/1 16:03,chen861226
,,谢谢老兄,不用谢,2017/6/8 13:21,新的会计年
格力润享领跑者和润享的区别.....,"从指标上看,领跑者要好很多,润享已是一级能效了，电子膨胀阀那些应该都有,难道领跑者换了更好的压缩机？",,,2017/5/30 22:53,xixia
,,,松下的售后也不灵的。,2017/10/1 17:29,jesson
,,,RE13很不错，功能全,2017/10/1 19:00,Quintrix
,,,领跑者是R32且带WiFi，非领跑者是R410A不带WiFi,2017/5/31 12:48,ktzj
,,,价钱分别多少,2017/5/31 13:00,一般化
,,松下很好么？,"本帖最后由 gzmino 于 2017-10-1 19:08 编辑,起码广州松下的售后的态度比格力好。,我碰到过三批格力的（前后装了三台格力），态度十分恶劣，安装随便，带工具不齐。,格力这个是普遍现像。已经不是个别了。格力的售后是态度十分的差和恶劣。   。最惨技术还差好个死人。,我家松下的共震，起码装模作样的上门两次，又是拆机又是爬进爬出，态度可以。,只是共震时间不长，次数不多，我也不想他们再搞我台机，就算了。",2017/10/1 19:03,gzmino
,,,"最好的售后是不需要售后，哪个厂家这样做广告就老卵了。,上个世纪买的进口机，不止一台，也不止一个品牌，10几年过去，安装使用后就没找过售后。",2017/10/1 19:34,jesson
,,,我就是领跑者 那个鸟WIFI 真 jB难用， 大妈的 手机肯定是会做垮的。,2017/6/5 20:11,lazz
,,领跑者是R32且带WiFi，非领跑者是R410A不带WiFi,我的不是领跑者，也是R32的带WIFI的,2017/6/6 9:37,tangtan
,,我的不是领跑者，也是R32的带WIFI的,那是不是批次原因导致能效标贴没更新过来啊？后缀里面带h的就是R32+WiFi,2017/6/6 12:34,ktzj
,,,上世纪是100%日本进口贴牌，现在是100%国产，除了VE……,2017/10/1 21:08,哎哟喂2016
格力2P悦雅，安装没抽真空制冷效果差到想砸机器！,室内29度，出风口温度22度！！！！！R32的制冷剂，原装4米铜管，再加长4米。销售说8米内不用加制冷剂，但是装好后开机F0，查不出原因，还是老实加了制冷剂！加了制冷剂后运行20分钟都不见有冷风吹出，出风口温度和室温几乎一样可以申请退货了吧？,,,2017/9/20 22:27,CZNOLAY
,,领跑者是R32且带WiFi，非领跑者是R410A不带WiFi,R32冷媒是不是抽真空就要求没这么高了啊,2017/6/6 18:56,az6338890
,,R32冷媒是不是抽真空就要求没这么高了啊,应该不是吧，好像R32的定频都得抽真空，具体问问论坛大神,2017/6/6 20:43,ktzj
请问格力3匹老柜机的接水槽如何拆？,家里10几年前买的格力3匹柜机，最近柜机底部漏水，昨晚拆开看，顺着漏水往上拆，水原来是从接水槽的接口处漏下来的，但由于接口处与冷媒管一起，冷媒管又很硬，不敢大力掰。请问论坛高手，这种格力柜机的接水槽我看某宝有卖，但如何能拆，有没有什么技巧，麻烦大神指导一下,,,2017/6/6 8:24,menzin
,,,买啥不好，买了台炸弹回来。,2017/9/20 23:21,三湖渔夫
,,买啥不好，买了台炸弹回来。,我本来是想客厅双挂买松下的，但这是人家送的，，，我有什么好说的？,2017/9/20 23:49,CZNOLAY
,,我本来是想客厅双挂买松下的，但这是人家送的，，，我有什么好说的？,哪个这么好，送空调？,2017/9/21 0:00,chen861226
格力有点不好意思，不想面对观众（哈哈，再哈哈）,"雪军镇上的一户家庭，我拍到的。,格力有点不好意思，不想面对观众,我也不知道说什么好？",,,2017/4/4 19:23,南昌雪军
,,我本来是想客厅双挂买松下的，但这是人家送的，，，我有什么好说的？,退后退步退休退款退股退了,2017/9/21 0:02,南昌雪军
,,哪个这么好，送空调？,妹夫。。。送的,2017/9/21 0:16,CZNOLAY
,,哪个这么好，送空调？,妹夫。。。送的,2017/9/21 0:16,CZNOLAY
,,,"本帖最后由 南昌雪军 于 2017-4-8 16:16 编辑,增加看赏析",2017/4/4 19:24,南昌雪军
,,,笑了，哈哈哈,2017/4/4 21:43,lxtalex
,,,原来是搞笑贴,2017/4/5 11:56,zjwjoy
,,退后退步退休退款退股退了,"本帖最后由 CZNOLAY 于 2017-9-21 00:21 编辑,雪军，是叫他们退货是吗？但是20分钟之后出风口开始有冷风出来了，开空调后室温29度，半个小时后测出风口得是21度，但是这21度就再也降不下来了，这样的空调是正常的还是可以申请退货的，如果是退货，退货的理由是什么？明天早上格力售后过来测空调的电压电流和出风口温度数据！",2017/9/21 0:18,CZNOLAY
,,,"都加了4米铜管了，为啥不去买整根8米的铜管？F0有可能是漏冷媒，更可能是铜管焊堵,重点关注外机是否启动",2017/9/21 7:50,jxyszhanwei
,,雪军，是叫他们退货是吗？但是20分钟之后出风口开始有冷风出来了，开空调后室温29度，半个小时后测出风口 ...,感觉你说的情况是有点瘪管子。,2017/9/21 8:04,南昌雪军
,,,是来搞笑的吗,2017/4/5 12:09,joneyz
,,是来搞笑的吗,,2017/4/5 12:10,南昌雪军
,,原来是搞笑贴,,2017/4/5 12:11,南昌雪军
,,雪军，是叫他们退货是吗？但是20分钟之后出风口开始有冷风出来了，开空调后室温29度，半个小时后测出风口 ...,另外，是R32制冷剂的话，在检修过程，建议走远一点。,2017/9/21 8:06,南昌雪军
,,,送的，会有什么好货啊？现在见识了核心科技了吧,2017/9/21 8:47,哎哟喂2016
,,,搞JJ。。。,2017/4/5 19:01,jesson
,,搞JJ。。。,,2017/6/4 22:08,南昌雪军
,,,估计是不愿加管子正装不够，只好反装了,2017/6/4 22:35,lwt1970
,,,安装问题，和机器无关吧。,2017/9/21 11:15,daitou1234
,,,早上格力过来检测了，电压正常，电流不正常 过低才5.几，上图片中。。。。。,2017/9/21 12:23,CZNOLAY
,,,"图片,Screenshot_2017-09-21-12-26-58.png,(176.33 KB, 下载次数: 0),下载附件,2017-9-21 14:24 上传,IMG_20170921_105159_看图王.jpg,(72.58 KB, 下载次数: 0),下载附件,开机50分钟才测出风口温度,2017-9-21 14:23 上传,IMG_20170921_105546.jpg,(137.26 KB, 下载次数: 0),下载附件,2017-9-21 14:23 上传,IMG_20170921_105553.jpg,(82.36 KB, 下载次数: 0),下载附件,2017-9-21 14:23 上传,IMG_20170921_105606.jpg,(121.71 KB, 下载次数: 0),下载附件,2017-9-21 14:23 上传,IMG_20170921_113609.jpg,(226.59 KB, 下载次数: 0),下载附件,2017-9-21 14:24 上传,IMG_20170921_113601.jpg,(317.13 KB, 下载次数: 0),下载附件,2017-9-21 14:23 上传,IMG_20170921_113443.jpg,(283.99 KB, 下载次数: 0),下载附件,2017-9-21 14:23 上传,IMG_20170921_113638.jpg,(92.4 KB, 下载次数: 0),下载附件,2017-9-21 14:24 上传,Screenshot_2017-09-21-12-28-57.png,(232.95 KB, 下载次数: 0),下载附件,2017-9-21 14:24 上传,Screenshot_2017-09-21-12-27-41.png,(114.91 KB, 下载次数: 0),下载附件,2017-9-21 14:24 上传",2017/9/21 14:27,CZNOLAY
,,估计是不愿加管子正装不够，只好反装了,没错。,2017/6/4 22:36,南昌雪军
,,是来搞笑的吗,不是啊···怎么可能,2017/6/4 22:37,南昌雪军
,,原来是搞笑贴,不是啊···,2017/6/4 22:37,南昌雪军
格力和美的空调怎么选择？,"最近一段时间泡网想定下新房的空调，初步想法如下：,经济有点紧张，加上国产整机保修6年，也就不考虑日系的了；,考虑舒适性就都选择变频空调了，价格参考最近京东苏宁国美最低价，不太急，也可以等国庆或双十一。,考虑外观及品牌喜好，初步定下下面两个方案，也可以格力美的混合搭配，请大家给点意见，谢谢！,方案一：,【空调柜机 客厅】格力 静享 3匹变频柜机 三级能效 8100元,【空调挂机 主人房】格力 冷静享 1.5匹变频挂机 二级能效 3600元,【空调挂机 老人孩子房】格力 冷静享 大1匹变频挂机 二级能效 3100元×3台,合计：21000元,方案二：,【空调柜机 客厅】美的 制冷王 3匹变频柜机 一级能效 9000元,【空调挂机 主人房】美的 制冷王 大1.5匹变频挂机 一级能效 4900元（京东4450元但不支持发货，可等苏宁搞活动）,【空调挂机 老人孩子房】美的 冷静星Ⅱ或省电星 大1匹变频挂机 三级能效 2700元×3台,合计：22000元",,,2017/9/19 1:29,沙文Seven
,,笑了，哈哈哈,哈哈···,2017/6/4 22:37,南昌雪军
,,,哈哈，其实支架向左装一点就可以了嘛,2017/6/5 1:03,Levi_Kuan
空调4选1：美的省电王 格力凉之静Ⅱ 重工,"要求是全直流变频，1.5P。,美的省电王 整机6年+压缩机10年,3199,格力凉之静Ⅱ 整机6年+压缩机10年,3699,重工KFR-35GW/MFVBp 整机3年+压缩机6年 4300,重工,SRKMD35HVBG,整机3年+压缩机6年 4900",,,2017/5/30 15:52,爱睡觉滴狮子
,,,"当然是美的。,垃圾格力只是贼自吹自雷的核心技术，说白了就是落后的国产技术，比东芝落后几百年。,空调最重要的舒适，在格力上原全体现不出来，垃圾的温控，温度波动2-3度。特别有老人家，小孩，忽冷忽热，十分容易生病。",2017/9/19 1:40,gzmino
,,,国内产品---美的,2017/9/19 10:14,阿萨德飞
,,,每个牌子买一个,2017/9/19 10:42,哎哟喂2016
,,,美的那款，性价比最高。,2017/5/30 18:33,ttbble
,,,个人认为，还是要保修时间的，性能上的那点差异，可以忽略。,2017/5/30 18:54,bbs556
,,,要么颜值最高的hvbg，要么就性价比最高的省电星,2017/5/30 20:43,西西里狒狒
,,,客厅一个3P不如2个1.5P挂机,2017/9/19 22:33,w19119
,,,同样三匹r32柜机，一级能效，美的8799，格力10499，格力品牌溢价真的太高了,2017/9/19 22:41,chen861226
,,,其实我个人觉得客厅的柜机没必要那么好，当然，经常开除外。买个三级变频的也可以，要求高还不如买两个1.5的制冷王，绝对比你一个柜机好。,2017/9/19 22:42,veary
,,,愿意出到4k以上，还是美的的制冷王YA100，一级能效，比重工那2个强,2017/5/30 21:30,一般化
,,,重工那款，去年活动的时候价格都能到3600-3800，双十一最低3250，现在这个价格不合适,2017/5/31 11:22,pc晓飞
,,,省电星 二级能效,2017/5/31 11:39,keoy
,,,宁愿把客厅机的钱省出来给孩子和老人房间装个好一点的。,2017/9/19 22:43,veary
,,,客厅吊顶挂墙，也没有预留插座，安装不了两个1.5匹的挂机,2017/9/19 22:47,沙文Seven
,,"当然是美的。,垃圾格力只是贼自吹自雷的核心技术，说白了就是落后的国产技术，比东芝落后几百年。",这评论用在美的身上也一样能行,2017/9/19 22:59,600628a
,,,重工的是稳定 制冷性能也好，就是不太静音，需要很静音，可以不考虑了,2017/5/31 12:40,x-man99
,,,省电星DA200(B2)，和DA200(B1)的价格差距比较大，京东和淘宝相差也比较大，原因未知,2017/5/31 13:26,licheng527
,,,制冷王或者省电星1级能效的机型。,2017/5/31 13:36,netcao
,,同样三匹r32柜机，一级能效，美的8799，格力10499，格力品牌溢价真的太高了,看看别人家同期安装的格力和美的外机就明白为什么价钱不同,2017/9/19 23:01,600628a
,,看看别人家同期安装的格力和美的外机就明白为什么价钱不同,这东西都是十年换,2017/9/19 23:05,chen861226
,,看看别人家同期安装的格力和美的外机就明白为什么价钱不同,变频的3匹柜机最大制热功率怎么到4000多啊（不包括电辅热），定频的才2500不到，但是两者制热量相差并不大，定频的是8200，变频的最大制热量也就10000多一点！,2017/9/19 23:40,chen861226
,,重工那款，去年活动的时候价格都能到3600-3800，双十一最低3250，现在这个价格不合适,重工KFR-35GW/MFVBp??,2017/5/31 16:12,爱睡觉滴狮子
,,重工KFR-35GW/MFVBp??,我买的是这款，SRKEKB35HVB，应该是基础款吧，不知道对应的国标型号是哪款,2017/6/1 19:07,pc晓飞
新装的格力大1.5P空调出现“哒哒哒”声,刚安装的新空调，格力舒享风大1.5P(一级能效)的，运行时内机发出很轻微的类似“哒哒哒哒”的连续快速还有点忽高忽低的声音(隐约还夹杂着似乎流动的声音)，弄得脑子都疼，很影响睡眠啊。外机运行一阵后也会发出连续0.5秒一次的'噔噔噔'声，声音不小，我怕售后忽悠我说是正常的，请问是哪里的问题啊，望大家告知。,,,2017/6/1 16:24,格力空调哒哒哒
,,,"跟楼主差不多, 全屋空调 1+4=5台 都说格美二选一, 不知道怎么选",2017/9/20 3:13,myzone66
国产空调客厅格力和美的如何选择？,"最近想买一台空调客厅，三菱电机3匹定频四级能耗本地专卖店要11000元左右，网上旗舰店又都显示“此商品不支持在当前区域销售”，也就放弃了。想搞一台国产的，有好感的比如格力、美的和海尔这些，经过实体店和网上了解，发现格力要比美的和海尔贵一点，美的外观比较喜欢，海尔留买洗衣机再考虑。初步选择下面几款：,格力 3匹变频柜机 静享  三级能效R32 活动8199元,https://item.jd.com/2942458.html,美的 3匹变频柜机 制冷王 一级能效R32 活动8999元,https://item.jd.com/5264254.html,美的 3匹变频柜机 舒适星 一级能效R32 没有活动9899元,https://item.jd.com/4843071.html,美的 3匹变频柜机 慧行 二级能效R410a 秒杀价6888元,有没有用过的或者了解的给点意见，谢谢！,补充内容 (2017-9-17 10:25):,格力 3匹变频柜机 i酷 三级能效R410a 抢购价7599元,https://item.jd.com/3889726.html,还是在格力i酷和美的慧行中搞一台好了，昨晚又对比R410a和R32，虽然R32性能好一点，不过R32是易燃的，有点担心！,补充内容 (2017-9-17 10:26):,格力i酷和美的慧行，大家有什么建议？谢谢！",,,2017/9/17 0:52,沙文Seven
,,,运行5-15分钟这个声音就会消失,2017/6/1 16:28,新的会计年
,,运行5-15分钟这个声音就会消失,不消失，一直存在。,2017/6/1 16:35,格力空调哒哒哒
,,运行5-15分钟这个声音就会消失,不是机器刚启动时那种略大的声音。,2017/6/1 16:36,格力空调哒哒哒
,,,美的，生活可以更美的。,2017/9/17 0:58,yufuming2004
,,,"进群看看，马上空调走起,081438jnnwkkjwufjzimni.jpg,(98.37 KB, 下载次数: 0),下载附件,2017-9-17 08:14 上传",2017/9/17 8:14,pc晓飞
,,,西晒顶楼可以选择美的制冷王 没有太高要求直接6888的，具体还要看面积还有制热用的多不多，如果有合适的位置装其实大挂也不错,2017/9/17 8:52,城市间穿梭
格力KFR-26GW/(265931)FNhAbD-A1这个有了解的吗，来说说,格力（GREE）大1匹 变频 京致 一级能效  白色 KFR-26GW/(265931)FNhAbD-A1   这个有了解的吗，说说怎么样,,,2017/5/30 15:24,zhangbeilaoji
,,西晒顶楼可以选择美的制冷王 没有太高要求直接6888的，具体还要看面积还有制热用的多不多，如果有合适的位 ...,谢谢你的建议，还是想选择R410a的，R32是易燃有点担心！格力i酷和美的慧行，怎么选择？,2017/9/17 10:28,沙文Seven
,,谢谢你的建议，还是想选择R410a的，R32是易燃有点担心！格力i酷和美的慧行，怎么选择？,日立3匹定频，大概8800―9000包邮。,2017/9/17 10:47,雪军舒逸
,,谢谢你的建议，还是想选择R410a的，R32是易燃有点担心！格力i酷和美的慧行，怎么选择？,论坛好像对格力都感觉不咋地，仅代表个人意见，哈哈！多看看，空调马上淡季应该还是有很多优惠的吧,2017/9/17 15:18,城市间穿梭
,,,这个好象不便宜，本地实体4K左右,2017/5/30 21:43,一般化
各位大神 格力润享1级润琦1级那个值得入手,"格力润享变频空调_玉润造型 1级能效_KFR-32GW/(32594)FNAa-A1 价格4400，,交易区新帖推荐,家里清理闲置物品试用一次的曼富,全新未拆封美行闪迪Sandisk SSD,几个老机子，诺基亚 索爱 三星,现在CD机去哪个板块求购？,出电话手表,联想E540笔记本！,金色港版6p，16g帮顶加分,音乐发烧友进！！！出两个百度网,联想ZUK Z2pro尊享版,950元 全新小蚁4K运动相机非gopr,成人充电电动牙刷 49元包邮【送,FUJIFILM/富士FinePix s1800长焦,iphone/苹果6代 PLUS 64G全新机,NiKon/尼康 L810 长焦数码相机（,闲置2台联想双核笔记本处理,还有Gree/格力 KFR-35GW/(35594)FNBa-A1大1.5匹变频空调壁挂式润琦，价格是4200。那个值得入手，或者是否还有别的性价比高的推荐",,,2017/5/10 21:26,zhh8231
,,,当然是美的。,2017/9/17 22:22,gzmino
,,,楼主，请问你为啥选择定频呢？,2017/9/19 3:26,我心依旧wsg
,,楼主，请问你为啥选择定频呢？,上面都是变频的呀,2017/9/19 12:45,沙文Seven
,,,不都是套娃吗？,2017/5/10 21:36,Cerellean
,,,润尊，典，享，仕,2017/5/10 22:03,一般化
,,,"本帖最后由 白熊君 于 2017-5-10 22:22 编辑,32594和55594，都是一样的外机。,只不过，32594，是1.25匹制冷量的冷气机。,35594，是1.5匹制冷量的冷气机。压缩机都是大松压缩机（英文是TOSOT）,压缩机的公司名称是，珠海凌达压缩机有限公司。制冷剂是R410a.,两款外机包装，是让世界爱上中国造。,都有电子膨胀阀。外机风扇电机是珠海凯邦直流无刷电机。56瓦/1000转/分,双排亲水膜冷凝器。,建议看看格力的润享领跑者 APF是4.80 (历史最低价3700）,你选的，以上两款APF4.53和4.64之间吧。,都是润系列，只是外壳，花纹，装饰条的改变。,外机都是一种方案，配置。只是香港生了李小龙，和甄子丹的区别。,或者叫，春花，荷花，翠花，樱花的区别。反正都是花。,都是一个爹妈出来的产品。,加点钱，上，美的制冷王YA100和YA201。,或者看看松下AE      UE",2017/5/10 22:16,白熊君
格力工程师关于温控不准的解释。。,"就低频下不去，温控不准的问题，先是给我扯了一大通温度补偿，意思怕制冷制热效果不好，给你各种福利，增加功率，叫补偿。补得肠肥脑满的，让你说不出来毛病。,同时说这样做是有依据的，说是曾经他们把温控做得很准，这时候有用户给事长写信，反映今年新买的空调没有去年的凉快，同样设到27度，没去年凉快了，于是技术部这些同志赶紧把程序改回去，设到27度，必须给你拉到25度才降频，美其名曰温度补偿，意思类似于福利补助一类，让你更冷。,可能温控技术真的不是什么太难的事，这位工程师信誓旦旦的说他们1赫兹两赫兹都可以达到，就是考虑的问题多，比如室外温度，用户需要，乱七八糟的，说实在不能把温控作准，我说想温度低你就设置25啊，设20也没人拦着，工程师说是因为用户不懂，他们只要凉快。,我琢磨了一下，还是他们公关不行，或者想省事，不愿意解释也不愿意让顾客分辨出去年的不好今年的更好，所以才采用这样的政策。,美的大概就这样吧，设30度让你冷冷冷，让你盖被子，人人称赞好空调，其实也有更好的办法，不要整温度设定键，直接就开关机和制热制冷选项就好了，开机就冷到底热到底，别说变频了，定频空调的温度设定都嫌多余。,现在给我换的板子，据说程序算是定做的，希望会有好的表现。",,,2017/9/9 10:17,shuye569
,,"32594和55594，都是一样的外机。,只不过，32594，是1.25匹制冷量的冷气机。",多谢您的解释，领跑者我这里实体和卖场都没看到过。美的制冷王YA201(B2)上海川沙永乐活动价4399,2017/5/11 7:26,zhh8231
,,,美的KFR-35GW/BP3DN1Y-TA201(B2美的官网4300，这个型号与制冷王相比那个更好,2017/5/11 7:52,zhh8231
,,多谢您的解释，领跑者我这里实体和卖场都没看到过。美的制冷王YA201(B2)上海川沙永乐活动价4399,贵了，京东最低是3800左右。历史最低3K4 3K5之间。4399，滚回到四川沙家邦去。他们抢钱吗？,2017/5/11 9:33,白熊君
,,,谢谢分享···········很真实············,2017/9/9 10:36,南昌雪军
,,,到底是SB厂家培养出来的SB客户，还是SB客户培养出来的SB厂家？这是一个问题！,2017/9/9 11:05,geduo1985
,,,补偿个屌啊，哈哈！,2017/9/9 14:47,yuanon
,,美的KFR-35GW/BP3DN1Y-TA201(B2美的官网4300，这个型号与制冷王相比那个更好,"当然是制冷王好咯,这个好像是静音王，或者叫舒适星。",2017/5/11 9:34,白熊君
,,"32594和55594，都是一样的外机。,只不过，32594，是1.25匹制冷量的冷气机。",预算4500左右。房间净面积11平方。需求静音，耐用。 目前看中电机RFJ12VA 松下UE JE 格力R32一级能效机。大神求推荐求对比。还有美的制冷王真的这么好？？,2017/5/11 10:01,zhonghualjy
,,预算4500左右。房间净面积11平方。需求静音，耐用。 目前看中电机RFJ12VA 松下UE JE 格力R32一级能效机 ...,真的好。骗你是小狗,2017/5/11 10:39,白熊君
,,,成功的再次被忽悠！,2017/9/9 14:53,大棍
,,,是这样子的，有的人说他家的空调设28－29就很凉快，别人的机要25－26度。其实28－29度是热的,2017/9/9 15:20,600628a
,,,迟早把格力搞完蛋，，，，,2017/9/9 15:45,77090536
,,贵了，京东最低是3800左右。历史最低3K4 3K5之间。4399，滚回到四川沙家邦去。他们抢钱吗？,"美的制冷王YA201(B2),京东最低3900，第三方发货。天猫电器城最低3800",2017/5/11 10:39,zhh8231
,,"美的制冷王YA201(B2),京东最低3900，第三方发货。天猫电器城最低3800",可以啊·····,2017/5/11 10:42,白熊君
,,,你跟格力工程师说以后遥控器上多一个“精控”，让那些SB用户自己凉快去吧，正是不懂天朝有些人是个什么想法，估计都是上一代的阿婆阿爹，，，真是迷醉,2017/9/9 15:47,77090536
,,,"本帖最后由 gzmino 于 2017-9-9 17:58 编辑,我一直想问，为何设定27度，会降到22.9（这时是最低频200W），然后停机20-30分钟，温度回升到25.5-26才重新制冷。。,再有，格力的降频是100W这么升降的，我草它的1Hz。,我家的是品悦和品圆三级机，比定频更垃圾。",2017/9/9 17:57,gzmino
,,,"下午去镇上的美的专卖店看过了，YA201(B2)也是3800。就是安装的问题，商家说自己有安装队伍可以直接来安装。也可以打美的客服让美的来安装。,现在想问一下两者安装质量有什么区别？",2017/5/11 14:36,zhh8231
请教，美的极酷一级、格力京致一级、科龙全直流一级，该怎么选？,这几款都带电子膨胀阀吗？能否一 一点评一下？重点说下极酷，谢谢！,,,2017/4/28 15:41,Jasonhua
,,,说了一大堆还是没有说到关键问题:停机之后等到升温明显到体感很不舒服了，压缩机才重新启动开始制冷。说到底，还是格力的温控算法没搞定。那堆托辞用来忽悠顾客勉强还行，要是用来忽悠，格力要完。,2017/9/9 18:30,ttbble
,,说了一大堆还是没有说到关键问题:停机之后等到升温明显到体感很不舒服了，压缩机才重新启动开始制冷。说到 ...,"低3度停机，高一度开机，温差4度，体感肯定不行，坏就坏在了他这个所谓温度补偿，设27度，要到25度才有低频（而且他这个所谓的低频也往往并不太低），肯定要频繁停机，停机之后升温，就得等。,低频下不去确实存在，给我解释什么房间散热快啊，什么冷凝管也要补偿啊，我说你就到设定温度给我最低频，别扯那么多没用的。,总之表现还是很反人类。",2017/9/9 19:01,shuye569
,,低3度停机，高一度开机，温差4度，体感肯定不行，坏就坏在了他这个所谓温度补偿，设27度，要到25度才有低 ...,"本帖最后由 ttbble 于 2017-9-9 19:30 编辑,低频下不去不是问题，温控顶级的大金照样低频不行，一级能效机最低也是200W水平，但大金的温控算法好，所以就算停机，体感依然很好。格力走的是大金技术路线，依靠优化算法来达到一流温控，这点和美的不同，美的走的是东芝路线，依靠尽可能低频减少停机以达到体感温度稳定。,个人判断，由于家用空调受成本限制，温控器的成本控制的很严格，精度并不高，所以停机到重启的时间不是看室内温度信号而是依靠综合室内外温度以及房间热量散失速度计算出一个重启时间，目前格力卡就卡在这里，因为这个时间是动态的。,而温湿度控制顶尖的精密空调由于使用的精密而昂贵的温控器所以仅依靠简单监控温度控制启停就能保持温湿度恒定，只是那价格不是普通家庭能承受得了的。",2017/9/9 19:28,ttbble
,,,我今年刚安装极酷制冷各方面很好，带电子膨胀阀的，特别温控很准，当时三千多挺有性价比的,2017/4/28 17:14,风中麦田
,,,现在不是推 美的 制冷王吗 现在京东1.5P的能做到3500,2017/4/29 10:55,axing
,,现在不是推 美的 制冷王吗 现在京东1.5P的能做到3500,怎么做到的啊,2017/4/29 11:04,jason331
,,,美的空调的技术，处于世界领先是肯定的。,2017/9/9 20:05,yuanon
,,,以前老说格力空调制冷牛逼，原来是这个道理啊！到底是消费者牵着厂家的鼻子走呢还是厂家牵着消费者的鼻子走呢？很多消费者反应经常半夜冻醒，格力工程师干嘛不在睡眠模式上偷偷吧温度调高,2017/9/9 20:12,onlan
,,低频下不去不是问题，温控顶级的大金照样低频不行，一级能效机最低也是200W水平，但大金的温控算法好， ...,你说的停复机的原因，和格力工程师说的低频下不去的原因是一样的。但是停复机确实很简单，温度一到，立马停机和开机。,2017/9/9 21:14,shuye569
,,现在不是推 美的 制冷王吗 现在京东1.5P的能做到3500,几级能效的？好像没看到哦？！,2017/4/29 12:07,Jasonhua
,,,极酷 是美的一级能耗 中高端的产品，可以认真考虑下，论坛有网友发过它的使用感受 可以参考下,2017/4/29 12:28,x-man99
,,几级能效的？好像没看到哦？！,1级 就是雪军推荐那款 张大妈的空调达人也推荐，据说清完R410a的库存 就要上R32了。,2017/4/29 14:32,axing
,,低频下不去不是问题，温控顶级的大金照样低频不行，一级能效机最低也是200W水平，但大金的温控算法好， ...,"我有点不认同。,温控器我觉得没多少贵，我反而认为格力的压缩机不知什么原因，不能频烦停开机。,其它除了美的的那条路线，用低频来不停机保持温度。,我家的松下和三电的JL，一二级的机，低频都是180-200W，通过频烦的停开机来达到温度稳定的。这两台空调的温度波动只有0.1-0.2度。",2017/9/9 22:12,gzmino
拆一台新鲜的格力冷静享1匹2级能耗外机,"刚到货，还没约安装，先拆来看看再说现在格力都加了电子膨胀阀了？,IMG_20170419_110339.jpg,(68.01 KB, 下载次数: 0),下载附件,2017-4-19 12:35 上传,IMG_20170419_111936.jpg,(75.86 KB, 下载次数: 0),下载附件,2017-4-19 12:35 上传,IMG_20170419_110323.jpg,(64.57 KB, 下载次数: 0),下载附件,2017-4-19 12:36 上传,4月生产，很新鲜，不知道会不会换标了，脑补下,ceKV41QUjR9lU.jpg,(143.63 KB, 下载次数: 0),下载附件,2017-4-19 12:36 上传,风扇忘记拍，照一张网上的图（侵权联系删除），貌似是交流风机。,IMG_20170419_111122.jpg,(58.3 KB, 下载次数: 0),下载附件,2017-4-19 12:36 上传,毫无疑问，凌达压缩机,IMG_20170419_110533.jpg,(93.83 KB, 下载次数: 0),下载附件,2017-4-19 12:37 上传,IMG_20170419_110849.jpg,(108.71 KB, 下载次数: 0),下载附件,2017-4-19 12:37 上传,IMG_20170419_111813.jpg,(82.08 KB, 下载次数: 0),下载附件,2017-4-19 12:38 上传,IMG_20170419_111200.jpg,(85.02 KB, 下载次数: 1),下载附件,2017-4-19 12:38 上传,IMG_20170419_111820.jpg,(80.19 KB, 下载次数: 0),下载附件,2017-4-19 12:38 上传,IMG_20170419_113634.jpg,(59.49 KB, 下载次数: 0),下载附件,2017-4-19 12:38 上传,IMG_20170419_113901.jpg,(65.52 KB, 下载次数: 0),下载附件,2017-4-19 12:38 上传,格力宣传的带垫子的螺丝。。。",,,2017/4/19 12:39,MakGP
,,以前老说格力空调制冷牛逼，原来是这个道理啊！到底是消费者牵着厂家的鼻子走呢还是厂家牵着消费者的鼻子走 ...,"看看运度就知了。,例如设定27度，前两三个小时在24-25度波，四五个小时后有可能掉到22.9度，无论白天还是晚上，时间一长，温度就会往下掉。不冻病才怪，特别有小孩子。",2017/9/9 22:13,gzmino
格力i铂更换主板后情况。。,"上午售后来给我换板子，这个板子和原带的板子是一样的，只是程序做了优化，换后情况如下：,1.低频确实下去了，设23度，达到设定温度后频率380左右，基本和标称最低功率吻合。,2.高频上不去了，设16度，最高功率1000多一点1100都上不到，问了格力总部技术部，告诉我是因为现在室外温度低，空调无补偿需要，因此最高功率低。,3.外机突然停机。设24度，运行一段时间温度达到23，功率这时候380w，运行大概20多分钟后，外机突然停机。原来是低于设定温度2度停机，现在低于设定温度1度，久了自动停机？是保护还是什么？回油设计？总之问题不小，回头我再问。",,,2017/9/11 12:39,shuye569
,,,多少钱？格力现在好贵~二级能效要4千多了吧~,2017/4/19 12:42,volvo1989
,,多少钱？格力现在好贵~二级能效要4千多了吧~,格力哪有这么贵，京东活动3110返80E卡，我都觉得有点贵了。,2017/4/19 14:02,MakGP
,,,三通阀做工太烂，就那一点铜都要省，看到一台Q力才一年三通阀就漏气了,2017/4/19 14:45,东芝飞视
,,,停机是因为低频已经下到底了+温控需要吧,2017/9/11 13:23,ktzj
,,,看起来貌似没毛病,2017/9/11 16:15,shenrenrenren
,,,格力室外温度低，功率上不去的，几年前装的q迪也是这样的,2017/9/11 16:42,1731
,,,格力这几年拼命的长价，不值得考虑了,2017/4/19 15:20,风中麦田
,,,别在意外风机是交流还是直流也就30瓦直流在省电能到哪去,2017/4/19 15:23,xbqwe
,,别在意外风机是交流还是直流也就30瓦直流在省电能到哪去,说得没错！,2017/4/19 17:51,南昌雪军
,,,变频空调这一块，美的和格力，哪个整体好一些？,2017/9/11 18:04,chen861226
,,停机是因为低频已经下到底了+温控需要吧,有可能达到了设定温度以下2度。,2017/9/11 19:27,shuye569
,,变频空调这一块，美的和格力，哪个整体好一些？,要论整体质量和做工用料，格力好一些，变频搞不清楚，都是半斤八两吧。,2017/9/11 19:30,shuye569
,,,3500不到到手还是挺好的，两排的散热可以,2017/4/19 18:34,x-man99
,,,说句实话格力机子价格还是有点虚高我朋友是卖格力空调的去年买的冷静王2级2900块技术国内美的还是强原材料同等格力还是好点,2017/4/19 20:26,xbqwe
,,说句实话格力机子价格还是有点虚高我朋友是卖格力空调的去年买的冷静王2级2900块技术国内美的还是强原材料 ...,"本帖最后由 volvo1989 于 2017-4-20 08:31 编辑,这么便宜？！批发价吧，上海二级能效的冷静王2代1匹3800，刚刚看的格力官网，上海地区专享价，比其他地区优惠吧。",2017/4/20 8:30,volvo1989
,,变频空调这一块，美的和格力，哪个整体好一些？,格力的压缩机是垃圾，美的的用料和做工太差。,2017/9/11 19:42,三湖渔夫
,,有可能达到了设定温度以下2度。,我觉得别纠结那么多了，太累，看看温控情况满足自己的需求，用着舒服就可以了,2017/9/11 20:51,ktzj
,,,去试试p0p1p2,2017/9/11 20:55,6191
,,这么便宜？！批发价吧，上海二级能效的冷静王2代1匹3800，刚刚看的格力官网，上海地区专享价。,朋友是区域代理所以便宜老u雅我拿4400王者风尚2P二级6450要不是有渠道我可能考虑美的,2017/4/20 8:34,xbqwe
,,三通阀做工太烂，就那一点铜都要省，看到一台Q力才一年三通阀就漏气了,三通阀是哪一个啊，干嘛用的啊,2017/4/20 12:05,江城隐士
,,,看主板的元器件是撑不了多久的,2017/4/20 12:31,free空间
,,格力的压缩机是垃圾，美的的用料和做工太差。,格力为什么高端不采购好一点的压缩机呢？,2017/9/11 20:56,chen861226
,,,请问下楼主，是换内机板还是外机板,2017/9/11 21:29,1731
,,请问下楼主，是换内机板还是外机板,外机大板,2017/9/11 22:16,shuye569
,,三通阀是哪一个啊，干嘛用的啊,就是加氟口的三通截止阀啊,2017/4/20 15:19,东芝飞视
,,看主板的元器件是撑不了多久的,,2017/4/20 15:30,南昌雪军
,,说得没错！,全给了全直流的钱，人家心里不舒服。,2017/4/20 17:37,gzmino
,,去试试p0p1p2,什么意思？,2017/9/11 22:21,shuye569
,,什么意思？,就是最低额定最大功率的测试，方法如图。,2017/9/11 23:09,6191
,,格力为什么高端不采购好一点的压缩机呢？,"因为大妈一直鼓吹掌握了核心科技，怎么好意思再去用其他品牌的优秀压缩机呢？那不是自己打自己的脸么？,有时候，牛皮吹大了，就只能一条道走到黑。",2017/9/11 23:25,三湖渔夫
,,三通阀是哪一个啊，干嘛用的啊,不要太在意别人怎么说国内谁的材料好你应该清楚或者经常安装的人清楚,2017/4/20 21:13,xbqwe
新人求助安装新空调，三菱电机定频DF12VD和格力,"空调装在客厅15平方，西晒，下午很热，而且外机安装位置也是西晒，想买个质量好一点的不怕晒的。听说变频容易坏，所以不考虑，怕晒坏了，而且客厅也就吃饭的时候用。,去年家里两个卧室装了两台格力冷静王2代三级能效的变频，主卧12平米装大1.5匹，次卧6平方装大1匹。用下来两台空调制冷制热没问题。缺点是大1.5匹晚上设28度太冷，不习惯盖被子睡觉好几次被冻醒，设置29度半夜停机，被热醒，大1匹同样也是，2827度会停机，26度又太冷，必须盖被子。最大的问题是冬天制热外机噪声巨响！楼下邻居也是格力同样如此，好像格力都这样？？,去年两台格力机子格力专卖店入手，上海这边，价格比网上格力商城便宜，3899和3499，（延长2米铜管加架子后实际付款4119，3599，大1匹铜管没加）网上价格是4299和3599，保修六年，而且店员介绍格力是世界名牌，所以买了，但是现在用下来马马虎虎，变频不怎么舒服，而且安装工就是店里派过去，送货，安装，抽真空就6，7分钟。,这次客厅看中了三菱电机定频DF12VD这款，价格实惠，实体店和网上一样，4100送支架，不知道质量咋样？结合我家的安装环境可用不？网上搜三菱电机的售后貌似很差？保修也只有三年？又有一点纠结了。。。,格力还有一款定频叫品什么的，好像叫品锐，2999，保修6年，和三菱比哪款好？各位大师帮忙看看，谢谢大家了。",,,2017/4/8 23:49,volvo1989
,,因为大妈一直鼓吹掌握了核心科技，怎么好意思再去用其他品牌的优秀压缩机呢？那不是自己打自己的脸么？ ...,那么凌达压缩机比得过美芝压缩机吗,2017/9/12 2:07,chen861226
,,那么凌达压缩机比得过美芝压缩机吗,"松下，三菱电机的压缩机对汽缸的装配精度要求达到2μm，而国内美芝之流的是4~5μm。要知道在机械制造行业1mm的精度要求不算高，5μm难度就高了很多，再往上每提高一个1μm的精度投入的成本是几何倍数的增加的。,另外还有一个良品率的问题。国产压缩机不是全检，而日产的几乎都是全检，这就是质量的保证。",2017/9/12 16:00,三湖渔夫
,,,弄个美的制冷王1.5匹吧,2017/4/9 0:54,abcde@1234
,,,"当然选电机的DF12了。,在上海LZ不买电机买蛤蜊，那只能说LZ对空调一无所知。",2017/4/9 4:18,liboychina
,,,15平的地方， 1.5p的定频够用了，上手吧，这个很耐用。之前我们办公室就用过这个，我觉得制冷很给力,2017/4/9 10:46,x-man99
,,松下，三菱电机的压缩机对汽缸的装配精度要求达到2μm，而国内美芝之流的是4~5μm。要知道在机械制造行业 ...,在天朝的技术没用的，会忽悠才是王道!关键还有一帮需要被忽悠的糙民。,2017/9/12 22:47,free空间
,,松下，三菱电机的压缩机对汽缸的装配精度要求达到2μm，而国内美芝之流的是4~5μm。要知道在机械制造行业 ...,ygj18，低频可以到180，比ygj12还要低，这货到底是个什么东西？,2017/9/13 13:55,chen861226
格力润享这价格怎么样........,"今天去实体店问了下，35的3750元,这价格能入吗,另外有用这机子的吗,这机子怎样？,可以明天就去下单.....",,,2017/5/7 17:59,xixia
,,"当然选电机的DF12了。,在上海LZ不买电机买蛤蜊，那只能说LZ对空调一无所知。",从来没用过电机，老房子用的丹巴路产的上海日立，用了10年都没问题，但听说日立现在已经不生产了。,2017/4/9 10:56,volvo1989
,,弄个美的制冷王1.5匹吧,是吗？五一节去实体店的时候一并瞧瞧。,2017/4/9 10:58,volvo1989
,,15平的地方， 1.5p的定频够用了，上手吧，这个很耐用。之前我们办公室就用过这个，我觉得制冷很给力,我也是考虑耐用，价格要实惠一点。,2017/4/9 11:00,volvo1989
,,,价格可以的,2017/5/8 9:21,ttbble
,,,太便宜了我刚装3830一台,2017/5/8 9:24,90后の伤
,,,现在天气不热，内机噪音确实小,2017/5/8 9:25,90后の伤
,,,用格力当心爆炸，特别是R32的压缩机，就是个定时炸弹。另外在上海不用三菱电机，那是在暴敛天物。,2017/4/9 23:47,三湖渔夫
,,,果断DF12好用耐用，其实15平DF09制冷都没问题，我原来的CE09制冷带20平都没问题，要是考虑制热还是大点的好。其实CE12也可以，应该就是和DF12外机差了一排冷凝器，CE12两片，DF12三片，所以DF12为二级能耗，制冷热更好一点。,2017/4/10 7:30,东芝飞视
,,果断DF12好用耐用，其实15平DF09制冷都没问题，我原来的CE09制冷带20平都没问题，要是考虑制热还是大点的好 ...,,2017/4/10 17:59,南昌雪军
,,,R32新版本的 可以买的，刚需可以上,2017/5/8 12:08,x-man99
,,,3600，坐标重庆。。。。。。。,2017/8/1 19:13,鲶兰
,,,你们润享 上下扫风的挡板 和上面颜色是一样的吗？ 还是有深浅？,2017/8/1 20:44,eddiepon
,,,"本帖最后由 大棍 于 2017-4-10 18:54 编辑,对舒适性要求不苛刻还是DF12吧。",2017/4/10 18:08,大棍
,,,"本帖最后由 东芝飞视 于 2017-4-11 07:13 编辑,我猜的,没有拆机检验,因为CE12外机和DF12外机重量差了两公斤，估计是这样，以前有三排的",2017/4/11 7:11,东芝飞视
,,我猜的没有拆机检验因为CE12外机和DF12外机重量差了两公斤，估计是这样，以前有三排的,老款，确实见过三排的。现在，不会了。能效标和国标都响应提高了。,2017/4/11 8:37,南昌雪军
,,,"本帖最后由 lxh1983323 于 2017-8-1 22:16 编辑,润享这机不错，舒适度好又省电~R32~,1P2个月前3460.",2017/8/1 22:13,lxh1983323
,,,一级吗？,2017/8/2 8:55,realsingo
,,,真正的冷气机，卧室别买！,2017/8/2 10:53,周生生
,,,df,2017/4/11 10:54,rossi256
,,,我直接服了格力了，一个三级能效变频敢买四千,2017/4/11 14:06,rossi256
格力的洗衣机是谁给做的，还是直接贴牌的？？,"TB2YXXkgwxlpuFjy0FoXXa_lXXa_!!3075133459.jpg,(104.75 KB, 下载次数: 0),下载附件,2017-3-24 11:24 上传,谁知道吗？如果像以前冰箱那样，直接拿三菱的贴牌的，就下手了。",,,2017/3/24 11:25,saichebuluo
,,真正的冷气机，卧室别买！,这么冷？,2017/8/10 23:20,bluemoonwh
,,这么冷？,对，再加上温控不好，温度偏低2-4度才停机，所以冷！,2017/8/28 10:44,周生生
,,,谁知道吗？如果像以前冰箱那样，直接拿三菱的贴牌的，就下手了。,2017/3/24 11:25,saichebuluo
,,,,2017/3/24 16:16,珊shang
,,,肯定不是,2017/3/24 21:44,chiphy
,,"润享这机不错，舒适度好又省电~R32~,1P2个月前3460.",重庆只要3390。那90可以去掉，直接3300,2017/9/10 9:05,yudi
,,,格力就是垃圾的代名词,2017/9/10 9:35,yuanon
,,谁知道吗？如果像以前冰箱那样，直接拿三菱的贴牌的，就下手了。,"看着觉得格力有点可悲……,来自:家电论坛Android客户端",2017/3/24 22:28,别开枪是我
,,,格力还做洗衣机？看来她什么都想做,2017/3/25 8:49,thtom
,,,,2017/3/25 10:47,joneyz
,,,"不知道大妈到友商哪里挖了多少人？,要么就全靠供应商",2017/3/25 11:53,大棍
,,,手机卖的怎么样了,2017/3/26 20:20,sun5025
,,,估计是格兰仕贴牌的，目前格力除了空调，冰箱，电饭煲销量少得可怜。,2017/3/26 21:54,bbs556
请问格力全能王二代咋样,家里的空调挂机该换了，想问下格力全能王二代咋样，另外同价位还有什么其他比较推荐的吗~~~,,,2017/3/20 10:59,tedmonster123
,,,全能王是哪款啊？变频定频,2017/3/20 11:34,chenx4444
,,全能王是哪款啊？变频定频,格力U尊二代，变频的，房间大概23平，想买个1.5P的。,2017/3/20 11:37,tedmonster123
,,格力U尊二代，变频的，房间大概23平，想买个1.5P的。,23平，1.5P可带不起来吧，我家客厅27，选了U雅2P的,2017/3/20 12:17,chenx4444
,,,格力不错，就是容易爆炸。,2017/3/20 12:24,三湖渔夫
,,,"那款8,9千的价格，不如买三菱，大金了",2017/3/20 14:38,哎哟喂2016
求教一下海尔节能风系列一级能效空调如何？及美的省电星，海尔劲铂，格力润享的选择？,"KFR-35GW/13BAA21AU1套机,http://www.haier.com/cn/consumer ... 160901_318638.shtml,国美过几天有个活动，据说节能补贴完能到3000以下的价格。,客服说1.5P的压缩机是和三菱合作的倍速压缩机，性能不错。,1P的用的松下压缩机。,不知道这一款如何，本来看上海尔劲铂、格力润享、美的省电星一级变频了。,客服说性能和劲铂差不多，甚至还要好一些。,不知道这几个系列如何选择，谢谢。,请各位达人指教。",,,2017/3/3 12:05,wwfyl
,,,"本帖最后由 mantuoluo 于 2017-3-3 12:12 编辑,别听客服滴，至于什么压机她怎么会知道，hai尔中高端挂机松下和三菱压机比例差不多，如果客服说35用松下26用三菱还有点普，再说了三菱从来没有和hai尔合作开发过压机，如果说倍速充其量就是电控部分提高频率转速而已，hai尔客服纯粹地涉嫌虚假宣传",2017/3/3 12:10,mantuoluo
,,别听客服滴，至于什么压机她怎么会知道，hai尔中高端挂机松下和三菱压机比例差不多，如果客服说35用松下26 ...,谢谢您指教，请问下这个系列的空调怎么样？之前听朋友说劲铂系列不错，看参数这个节能风系列好像也还行。,2017/3/3 12:23,wwfyl
,,谢谢您指教，请问下这个系列的空调怎么样？之前听朋友说劲铂系列不错，看参数这个节能风系列好像也还行。,指教不敢当呀哥们，感觉这几个系列滴还行，内机面板不错,2017/3/3 12:28,mantuoluo
,,指教不敢当呀哥们，感觉这几个系列滴还行，内机面板不错,"再次感谢，请教是一定的。,三菱电机价格高高在上，只能看看坛子里比较推荐的双海了。节能风系列去年下半年才出来，论坛也搜不到什么信息，也不能只听销售一面之词，肯定是向各位大神请教了。,感觉这个1.5P的价格3000以里应该还算不错。之前看的几个系列，美的的省电星一级变频，海尔劲铂，格力润享，现在又加了一个，有点乱花渐欲迷人眼了。呵呵",2017/3/3 12:39,wwfyl
,,"再次感谢，请教是一定的。,三菱电机价格高高在上，只能看看坛子里比较推荐的双海了。节能风系列去年下 ...",不超3000可以啊，haier相比格美用料不错，刚才看了官网其实那个所谓滴倍速就是提高频率没啥高科技,2017/3/3 12:45,mantuoluo
,,"再次感谢，请教是一定的。,三菱电机价格高高在上，只能看看坛子里比较推荐的双海了。节能风系列去年下 ...",不超3000可以啊，haier相比格美用料不错，刚才看了官网其实那个所谓滴倍速就是提高频率没啥高科技,2017/3/3 12:46,mantuoluo
,,不超3000可以啊，haier相比格美用料不错，刚才看了官网其实那个所谓滴倍速就是提高频率没啥高科技,"再次感谢。,还得问问客服这个是不是全直流变频，有木有电子膨胀阀这些。网上信息真是少的可怜……",2017/3/3 12:57,wwfyl
,,"再次感谢。,还得问问客服这个是不是全直流变频，有木有电子膨胀阀这些。网上信息真是少的可怜……",一级这些都有,2017/3/3 13:09,mantuoluo
,,,我会选择海尔。。。,2017/3/3 13:18,三湖渔夫
,,,海尔是和 三菱重工合作的， 卖场都有，不过我还是觉得GMCC靠谱一点，宁愿买美的。,2017/3/3 13:41,哎哟喂2016
,,一级这些都有,"谢谢。再请教下老兄KF-50GW/05NHA12劲风系列2匹的挂机怎么样？,家里客厅空调孔在房顶上，想着节约空间买个2匹的挂机。,但是除了三菱这些，变频的的选择不是很多。,开始看的富士通，结果北京郊区居然没售后……",2017/3/3 14:48,wwfyl
,,,如果是我我肯定选有大导风板的劲铂和润享,2017/3/3 14:52,ktzj
,,如果是我我肯定选有大导风板的劲铂和润享,请问下大导风板有什么优点么？和风量有关？还是说不直吹人？谢谢,2017/3/3 14:53,wwfyl
,,"谢谢。再请教下老兄KF-50GW/05NHA12劲风系列2匹的挂机怎么样？,家里客厅空调孔在房顶上，想着节约空间买 ...",不好意思哥们，haier50挂机我真不知道压机和电控还有风机之类是哪家滴，你可以打电话找400售后经理让他帮你查查，不过haier50大挂风噪之类滴控制地反而不如帝尊天尊50机,2017/3/3 14:55,mantuoluo
,,不好意思哥们，haier50挂机我真不知道压机和电控还有风机之类是哪家滴，你可以打电话找400售后经理让他帮 ...,"哦哦。活动倒有帝尊的一级能效机，说活动时大概6000内能拿下。,不过这个空调孔开在顶上应该不行吧？得在墙下面重新打孔？啥都不懂，见笑。",2017/3/3 14:58,wwfyl
,,"哦哦。活动倒有帝尊的一级能效机，说活动时大概6000内能拿下。,不过这个空调孔开在顶上应该不行吧？得在 ...",帝尊gcb一级50最厚道，别地机型外机太小，6000内很可以,2017/3/3 15:03,mantuoluo
,,帝尊gcb一级50最厚道，别地机型外机太小，6000内很可以,"问了下GCB说没有，参加活动不到6000的是DCB，,搜了下看到您的帖子，应该是外机最小的那个。,就是买柜机估计得在外墙上重新打眼。,实在不行只能咬咬牙出出血，,琢磨下三菱电机的YGJ18VA或者WGJ18VA ……",2017/3/3 15:32,wwfyl
,,"问了下GCB说没有，参加活动不到6000的是DCB，,搜了下看到您的帖子，应该是外机最小的那个。,就是买柜机 ...",买的时候咬牙，用的时候就舒服了。。。,2017/3/3 15:41,三湖渔夫
,,买的时候咬牙，用的时候就舒服了。。。,关键是要是所有家电都这样咬牙，钱包就该不干了……,2017/3/3 15:43,wwfyl
,,"问了下GCB说没有，参加活动不到6000的是DCB，,搜了下看到您的帖子，应该是外机最小的那个。,就是买柜机 ...",三菱电机滴50机72机甚至75机不管从压机还是配置还是性能不一定胜过同级别haier。不过这玩意完全看需求，自己感觉合适就好，挂机毕竟占地省,2017/3/3 15:48,mantuoluo
,,三菱电机滴50机72机甚至75机不管从压机还是配置还是性能不一定胜过同级别haier。不过这玩意完全看需求， ...,"谢谢老兄指点，我还是优先看看海尔的劲风吧。,国牌的变频大挂好像除了劲风只剩一个科龙有2P机了……,海尔应该比科龙靠谱一些。,主要当时设计时就没有考虑柜机，,琢磨挂机直接挂冰箱上面了。",2017/3/3 15:55,wwfyl
,,"谢谢老兄指点，我还是优先看看海尔的劲风吧。,国牌的变频大挂好像除了劲风只剩一个科龙有2P机了……,海 ...",指点不敢当，haier大挂机不了解具体是什么压机或是什么电控，如果单纯制冷用倒是没什么如果制热还是建议柜机来滴直接一些，或者你可以去商场里了解了解haier大挂滴一些情况，至于怎么选还是要根据你自己滴需求来,2017/3/3 20:03,mantuoluo
,,请问下大导风板有什么优点么？和风量有关？还是说不直吹人？谢谢,"本帖最后由 ktzj 于 2017-3-3 23:24 编辑,和风量应该没关系吧，主要是可调整角度比普通的导风板大太多，应该可以做到不吹人，想往哪吹往哪吹,另外格力和海信也有2P变频大挂可以参考一下",2017/3/3 23:21,ktzj
,,"谢谢老兄指点，我还是优先看看海尔的劲风吧。,国牌的变频大挂好","国产的2匹变频挂很多啊……海信科龙志高,来自:家电论坛Android客户端",2017/3/4 13:40,别开枪是我
求教：格力润享与美的省电星一级能效怎么选？3500左右有哪些空调值得推荐呢？,北方城市，卧室用，目前看的润享和省电星，求教这两款哪一个相对来说比较好呢？在3500以下有哪些好的1P机可以选呢？,,,2017/3/18 14:17,我是樵夫
,,,我选省电星，大妈好恶心,2017/3/19 14:10,shenrenrenren
,,,本地润享4000，省电星3600，我刚买两台省电星。,2017/3/19 16:46,netcao
,,,省电星吧， 我不太相信 凌达,2017/3/19 18:08,哎哟喂2016
,,,国产的话，海尔海信都有吧,2017/3/19 18:24,白日放歌须纵酒
格力柜机和美的柜机定频应该怎么选？,"最近3.15，看到京东上有空调活动，想问下应该怎么选空调。看上格力的悦雅2匹定速和美的的冷静星2匹定速，看参数都差不多，现在有活动，美的比格力优惠500左右，想问下该怎么选？美的性价比高，但是不是配置缩水，偷工减料？,品牌,格力 GREE,系列,悦雅系列,型号,KFR-50LW/(50591)NhAa-3,颜色,白色,类别,立柜式,功能,制冷类型,冷暖,匹数,2匹,定频/变频,定频,能效等级,3级,电辅加热,支持,适用面积(平方米),23-34㎡,制冷量(W),5700,制冷功率(W),1500,制热量(W),5700,制热功率(W),1550,内机噪音(dB(A),33-42,外机噪音(dB(A),≤53,扫风方式,上下/左右扫风,产品特色,自动清洁,支持,静音设计,支持,独立除湿,支持,除甲醛,不支持,规格,制冷剂,其它,电压/频率（V/HZ）,220/50,内机尺寸（宽x高x深）mm,482*1700*318,外机尺寸（宽x高x深）mm,899*596*378,内机重量（kg）,31,外机重量（kg）,42,品牌,美的 Midea,型号,KFR-51LW/BP2DN1Y-PA400(B3),类别,立柜式,功能,制冷类型,冷暖,匹数,2匹,定频/变频,直流变频,能效等级,3级,电辅加热,支持,适用面积(平方米),20-30,制冷量(W),4500-5500,制冷功率(W),1000-1600,制热量(W),6500-8500,制热功率(W),2000W以上,电辅加热功率(W),1500-2000,内机噪音(dB(A),22-46,外机噪音(dB(A),42-56,变频机能效比,3.4-3.9,循环风量(m3/h),800-1000,扫风方式,上下扫风,产品特色,自动清洁,支持,静音设计,支持,独立除湿,支持,除甲醛,不支持,规格,制冷剂,新冷媒（R410a）,电压/频率（V/HZ）,220/50",,,2017/3/14 16:28,jamesall
,,,格力容易爆炸，还是选美的。,2017/3/14 16:33,三湖渔夫
,,,"你拿的是美的直流变频机来和格力比划哟,标题都搞错了。",2017/3/14 18:35,南昌雪军
,,,"你都说参数差不多，便宜500给你又疑神疑鬼。我的理解比较肤浅，觉得国产定速机都差不多,来自:家电论坛Android客户端",2017/3/15 17:24,别开枪是我
,,你拿的是美的直流变频机来和格力比划哟,这两款机器都有定频的。最新价格差200左右。,2017/3/17 22:32,jamesall
,,这两款机器都有定频的。最新价格差200左右。,随便吧。格力比较稳定,2017/3/17 22:51,南昌雪军
,,,怎么真么多帖子都有人回复〔格力易爆炸？〕,2017/3/17 23:06,youxia115
,,,看参数，格力比较占优。我一直认为柜机不需要变频,2017/3/18 21:33,onlan
格力冷静享2级能效和冷静悦3级能效怎么选,格力冷静享2级能效和冷静悦3级能效怎么选，大1P的冷静享比冷静悦差450左右。看参数差不多。,,,2017/3/10 10:15,halu19
,,,今天北京的活动主推的冷静悦1P一级能效补贴完2800上下的样子,2017/3/10 10:20,wwfyl
,,今天北京的活动主推的冷静悦1P一级能效补贴完2800上下的样子,"哪里的活动，我昨天国美看的1级能效1P冷静悦补贴完3099,我看电商都是3级能效，这个1级能效查不到资料啊",2017/3/10 20:58,646lhf
,,,湖南，刚看了润享32是3700，润典3800，都是一级节能。,2017/3/11 16:45,pakinsen
,,,买格力要当心爆炸,2017/3/11 16:51,三湖渔夫
,,"哪里的活动，我昨天国美看的1级能效1P冷静悦补贴完3099,我看电商都是3级能效，这个1级能效查不到资料 ...","北京国美这边说是新机型，具体我也不清楚，官网也查不到。,比如我买的海尔节能风一级能效，官网是金色外壳，,国美做活动还有个白色外壳的只要2699，比金色的少个左右扫风，,售货员给我看价格单的时候，我扫到一眼白色的是国美的“包销机”，,金色的是正常渠道机，,这个一级的冷静悦到底是借壳机还是新型号谁都说不好，,我觉得放心起见，最好还是买官网有的型号。",2017/3/12 20:44,wwfyl
,,湖南，刚看了润享32是3700，润典3800，都是一级节能。,要是只贵100的话，润典的数据要好看一些。,2017/3/12 20:45,wwfyl
,,要是只贵100的话，润典的数据要好看一些。,"同在帝都，昨天去选空调苏宁这边主推一级能效的冷静悦，和润享同价补贴后3099，但是导购说冷静悦各方面比润享要好。可我的感觉润系列一直定位比静系列高端点。是不是压缩机都不同？而且另外咨询的一个团购商家说冷静悦一级没有货，对这个一级的冷静悦比较怀疑，搞不好就是为了骗补贴改出来的机器。,LZ在哪看的，一级冷静悦补贴完了2800？",2017/3/13 11:43,chenx4444
,,同在帝都，昨天去选空调苏宁这边主推一级能效的冷静悦，和润享同价补贴后3099，但是导购说冷静悦各方面比 ...,"我在国美看的，也是说冷静悦一级比润享一级好，而且是主推机型所以下来比润享还便宜。,但是这款机器官网都搜不到（只有三级的），客服说是新机型，,没准就是借壳机或者包销机这种渠道货。",2017/3/13 11:46,wwfyl
,,,同时感觉格力空调款名太乱，冷静王II，冷静享，冷静悦，凉之静II看着差不多的机器不同渠道都在卖，很值的怀疑。感觉要选还是选润享，冷静王II这样的主力机型,2017/3/13 11:48,chenx4444
,,"我在国美看的，也是说冷静悦一级比润享一级好，而且是主推机型所以下来比润享还便宜。,但是这款机器官网 ...",我仔细比较了下，应该说冷静悦有的功能除了光感润享都有，而润享180度的导风板还是更实用些。何况我翻了论坛上的帖子，谈格力的一般都比较认可润享，静系列的机器少有提及,2017/3/13 11:51,chenx4444
,,,一级优先，二级可选，三级不能,2017/3/13 11:52,winbh
格力（GREE）宁享 KFR-26GW/(265971)FNCcD,"格力（GREE）宁享 大1匹 变频二级 苏宁云智能 冷暖壁挂式空调 香槟金 KFR-26GW/(265971)FNCcD【支持苏宁智能APP远程操控】,这个空调怎么样，我是小白，就觉得颜值不错",,,2017/3/13 11:23,zw0405320
美的省电星一级能效和格力润典,"美的省电星一级，26的活动价3400，35的3800，值得入手吗？,对比格力同档次的有合适的吗？",,,2017/2/24 14:25,CNHF
,,,"省电星京东上一直就这个价吧。,对应的基本是润享，,润典的价格还要高几百。,琢磨等315或者51再看看。",2017/2/24 14:29,wwfyl
,,,明天是春雷行动，京东比这个还高百元。,2017/2/24 14:31,CNHF
,,,美的省电星一级，制冷王二级，哪个值得入手。,2017/2/24 14:33,CNHF
今天安装了格力润典，安装的过程请大家指导有无问题？,"关于空调安装，我已经做好了最坏的准备，即使你懂的标准流程要怎样，但安装工人就是不按你的来，这种情况很多,今天一进门，我就和工人说，要抽起码15分钟，答应了。,结果抽到7分钟就关了真空泵，拔了线（内六角还没拧），赶紧叫住,让他继续抽，后来抽了25分钟,请问到了这步，后面抽的还有效吗？当时只是把真空泵给拿走，但他还没来得及用内六角,后来抽了25分钟后，因为操作的平台在窗台上和我反向，我也看不到具体抽到多少，然后就停了真空泵，把真空泵和空调分离,后来就看到他在那边拧，具体也看不到怎么操作，拧完把盖子装上，就把内六角和扳手拿下来了，说装好了,完后制冷试了正常，不知道以上抽真空操作是否有效？,另外还有两个疑问：,1，外机位置在窗台上，和内机齐平，是否要紧,2，外机的位置往外面斜，所以外机往外倾斜，但他用了3个膨胀螺丝把架子盯在了窗台上，也不至于掉",,,2017/2/20 15:06,DogXY
,,,天朝就这样,2017/2/20 18:03,哎哟喂2016
,,,没有保压，这个需要看压力表。如果保压后负压不变，问题不大。,2017/2/20 22:10,shuye569
,,没有保压，这个需要看压力表。如果保压后负压不变，问题不大。,谢谢回复，安装师傅应该很少有人会做保压的，我和他说没做保压，他说中央空调有焊接才做，这种没必要做……,2017/2/21 10:57,DogXY
,,,大家帮忙看下，外机装成这样是否有问题？那个窗台是有点不平，底座有用膨胀螺丝固定,2017/2/21 11:00,DogXY
,,,你这平台不平整啊 不平整大问题没有 因为扇叶动平衡问题 噪音可能会大,2017/2/21 14:02,shankeda
,,,"这种安装，说明你功课没有做到位。,我只能说这些。,蟒蛇出动了。",2017/2/21 17:32,南昌雪军
,,这种安装，说明你功课没有做到位。,看描述起码没保压、然后负压拔管，机子倾斜，螺母没上好像,2017/2/22 12:50,云云朵
,,你这平台不平整啊 不平整大问题没有 因为扇叶动平衡问题 噪音可能会大,是的，平台是不平，已经联系让他们再上门重新调整了，可以打个架子装架子上的,2017/2/22 14:26,DogXY
40平客厅风管机选择  格力 日立 松下,"客厅+餐厅40平米左右，计划安装大3P风管机，格力5800，日立8800，松下8400左右价格，都是定频。请教坛里各路大神使用效果和质量上，哪个品牌更好。,另40平米，西首落地窗，使用3P空调一台攻略是否够？装两台2P，或其他解决方案？,补充内容 (2017-2-13 21:58):,目前更倾向于日立，顺便请教松下定频风管机性能和质量，R410制冷剂的定频机似乎比较少见",,,2017/2/7 21:23,zhang.xc28
,,,大3p风管和3p挂机，柜机区别是什么,2017/2/7 22:29,沨沨
,,,3P挂机比较丑吧。。。商家说柜机效果更好，因为出风口离人更近,2017/2/7 23:03,zhang.xc28
,,,和撸主房间大小一样，装了一台3p日立风管机，效果不错。需注意的是外机能否安装到机位里。本人的就差点装不下,2017/2/8 7:12,saratov
,,,格力性价比还可以，风管机定频的不容易坏，再说客厅用的不多啊，质保长就行,2017/2/12 17:07,忘掉过去
,,,同求解 想装格力的 觉得性价比高 求大神分析,2017/2/13 14:09,yuanying720
中央空调之日立EXPRO对比格力STAR 该如何选择？,两款系列expro比star贵个1-2K，所以本质上不会有太大差别，我就想问问从售后反馈，用户体验上，哪款更值得入手些，谢谢！ 我是两房一厅的结构，主卧16 次卧11  客厅28 就酱。,,,2017/2/9 9:38,krutzking
,,,格力保修6年，日立三年（除非有延保金卡，可以保到5年）。使用体验不知道，没用过，不过我订了日立的VAM mini，其实两房一厅分体机也可以啊,2017/2/9 17:49,zjwjoy
,,,我是小居室，就不选VAM系列了，EX应该够了,2017/2/12 17:24,krutzking
请问，格力哪个型号和美的省电星类似,想对比一下,,,2017/2/9 11:31,h00h
,,,我准备买省电星定频，就不知道内外机噪音大不大？,2017/2/9 12:27,myxbank
请问格力的c系列一拖一风管机性价比如何？,"大厅30来平方，主卧15来平方，都想装1拖1风管机,大家觉得装格力c系列的风管机好吗",,,2017/2/3 23:49,jian8701
,,,卧室挂机就可以了吧,2017/2/4 9:26,殷殷荒诞
,,,我装了这个，制热垃圾，制冷OK,2017/2/4 14:39,kg1569510990
,,我装了这个，制热垃圾，制冷OK,噪音如何？,2017/2/4 15:38,jian8701
,,噪音如何？,我都是白天开的，制冷可以接受,2017/2/4 15:57,kg1569510990
,,我都是白天开的，制冷可以接受,哥们不是在卧室用吗,2017/2/4 16:08,jian8701
,,,"卧室还是挂机好呀,来自:家电论坛Android客户端",2017/2/4 17:14,shenrenrenren
,,我都是白天开的，制冷可以接受,我装客厅的，主卧建议挂机,2017/2/6 15:52,kg1569510990
,,我装了这个，制热垃圾，制冷OK,面板难看,2017/2/7 10:25,laoyangshu
1.5P定频空调怎么选 格力2600  电机4200,"1.5P定频空调怎么选 格力2600  电机4200,刚刚在苏宁看完，之前有一台格力的觉得加热不给力，销售一直推销电机的，说格力是电辅热，电机不需要电辅热加热比格力厉害很多。在南方地区冬天最冷5度左右,请教一下怎么选呢？？已经决定了不考虑变频机。要不要咬牙上电机啊。",,,2016/12/20 3:40,pennyhwj
,,,电机DF吧！现在市场上算比较好的定频空调了,2016/12/20 6:19,风中麦田
,,,最冷5度，接近标准工况，格力应该就可以了，选个能效高的，没电加热的,2016/12/20 8:00,bullet
,,最冷5度，接近标准工况，格力应该就可以了，选个能效高的，没电加热的,有电辅热的不好吗？定频机没得选啊，都是只有一个型号,2016/12/20 8:17,pennyhwj
,,电机DF吧！现在市场上算比较好的定频空调了,贵了大半台机。定频有点感觉国产也够,2016/12/20 8:19,pennyhwj
,,有电辅热的不好吗？定频机没得选啊，都是只有一个型号,"买能效高，没电加热的,市场这么大，怎么会没有",2016/12/20 8:41,bullet
,,,"电机二级能效的DF12外机80斤，估计也应该是三层片的，当今定频机无出其右了。价格可以再砍砍，在3千7七八左右，考虑到耐久性和噪音能效还是入电机比较明智，一分钱一分货,如果退一步，还可以考虑日立1.5P定频机RAS/C-36CHN，也是不错的，价格在3200左右，基本与电机CE12相当。",2016/12/20 10:29,东芝飞视
,,电机二级能效的DF12外机80斤，估计也应该是三层片的，当今定频机无出其右了。价格可以再砍砍，在3千7七八左 ...,这个价位完全可以选格力1级机了吧？为何要选2级的定频机呢？就因为光环加成吗？,2016/12/20 16:07,heroxu
,,,卖二手值钱，格力一两百恐怕都没人要，光环机五六百抢着要,2016/12/20 17:11,大棍
,,,"好是好，上海的福利,来自:家电论坛Android客户端",2016/12/20 20:49,湘资沅潇
,,,直接买夏普本土机，才电机价格,2016/12/20 21:02,John_Lotto
,,,"入贵的,来自:家电论坛Android客户端",2016/12/20 23:54,icfeng
,,直接买夏普本土机，才电机价格,夏普本土机需要考虑保修么,2016/12/29 20:11,day31
,,,格力35定频机制热量基本在3950瓦+1000多瓦电辅热能效低，电机DF12制热量在4300瓦没有电辅热，所以格力会耗电更多，来得猛一些的还是变频机会好些，当然定频机也有它的优点，就是简单耐用。,2016/12/29 21:07,东芝飞视
,,,格力定频机就不错，家里好几台效果都才好。,2016/12/30 9:19,一刀见血
格力润系列变频机，5分钟化一次霜？,"我在深圳，12平米的房间用1P的润典，之前天热的时候，制冷的效果真的非常好，一晚真的低至一度电。。。最近几天开始用来制热了。,让我懵逼的是，每次制热只能持续5分钟，然后就像在化霜似的，停止制热1分钟，然后又重新开始制热。因此房间总是热不起来，开空调制热前房间里21摄氏度，设定24摄氏度，开了1小时后，只能升到22摄氏度。。。,从功率变化来看，每次开始制热，功率从500W开始上升，到800W持续3分钟左右，然后降到600W持续1分钟，突然就不制热了。功率立刻下降到50W左右。,老实说，我也不确定不制热的时候是不是在化霜。现在室外温度15摄氏度左右。之前用过海信的变频，虽然容易坏，但从没遇到过这么频繁的化霜。基本上能运行在300W的功率稳定制热。,求大神释疑！",,,2016/12/30 9:47,yj10110
,,,化霜不会这么频繁的，我估计是滤网太脏了，不是的话，赶紧找妈。,2016/12/30 12:24,被迫生活
,,,深圳这个 室外温度 不用进行化箱吧，老觉得是其他小问题， 还有，你可以调高一些温度的,2016/12/30 12:26,x-man99
,,,这个不正常，我那个格力3-4小时才会化霜一次，而且化霜是显示代码的,2016/12/30 13:37,yanyingjie_007
,,化霜不会这么频繁的，我估计是滤网太脏了，不是的话，赶紧找妈。,应该不是滤网太脏，这个空调才装3个月。不过如果是滤网脏导致这个现象的，那么原理是什么？,2016/12/30 14:33,yj10110
,,深圳这个 室外温度 不用进行化箱吧，老觉得是其他小问题， 还有，你可以调高一些温度的,我之前调到26°也是一样的情况，还是只能加热到22°。。。,2016/12/30 14:35,yj10110
,,这个不正常，我那个格力3-4小时才会化霜一次，而且化霜是显示代码的,我也是听说化霜有显示代码的，但是我这并没有。仍然显示设定的温度。,2016/12/30 14:36,yj10110
,,,我这冬天零下10多度。今年还没见过化霜 美的29Kg外机不化 东芝38公斤外机就更不化了。,2016/12/30 14:53,学习者在路上
,,我也是听说化霜有显示代码的，但是我这并没有。仍然显示设定的温度。,我以前也出现过这种问题，空调自动风，风往下吹，还有温度调高点,2016/12/30 18:15,yanyingjie_007
,,,风速加大，如果风速过低，内盘管温度过高，变频机就会降频（定频就先停风机，还是高就停压缩机）,2016/12/30 19:18,江城隐士
,,风速加大，如果风速过低，内盘管温度过高，变频机就会降频（定频就先停风机，还是高就停压缩机）,"我一直都是用自动风速，开始制热的时候风挺大的，第一次降频的时候风会跟着变小。不制热的时候，风门叶片就朝上没风了。,后来我换中风试过，还是一样。",2016/12/30 19:24,yj10110
,,,正常，毕竟是深圳。所以，一定要高风或强劲才能改善,2016/12/30 22:40,江城隐士
,,,化霜？压缩机热保护更象一点，可能缺氟了。。。。。。。,2016/12/30 23:48,无心道
,,化霜不会这么频繁的，我估计是滤网太脏了，不是的话，赶紧找妈。,"今天清洗了滤网。还是比较脏的，滤网大概二分之一的面积被会覆盖了。,清洗之后，室温22度，设定26度。空调开始以500W的功率制热到26.1度，然后停止制热。,1分钟后又以500W的功率制热到28.1度，然后停止制热。,1分钟后又以500W的功率制热到28.5度，又停止制热了，超出设定温度，完全没见过降频。。。",2016/12/31 12:26,yj10110
,,正常，毕竟是深圳。所以，一定要高风或强劲才能改善,洗了滤网之后制热时间长了一些，但是依然不降频。,2016/12/31 12:27,yj10110
松下怡涵和格力润享怎么选,"松下怡涵UE9KK1   KFR-26GW/BpUK1,格力润享KFR-26GW/(26594)FNhAa-A1,坐标南京，卧室面积接近13平方。,1.两款价格很接近，都是大一匹，润享的制热更强一些，有点纠结。,2.考虑到房子本身是西边户，次顶层，大一匹的功率是否够用？,希望大神指点。谢谢！",,,2016/12/27 10:14,JoelW
,,,润享用了1年，也就那回事，制热的噪音不如科龙控制的好,2016/12/27 10:57,waote
,,润享用了1年，也就那回事，制热的噪音不如科龙控制的好,论坛不是有说格力制热卧室很安静吗？说说详细！ 哥们儿,2016/12/27 12:38,学习者在路上
,,,格力是6年保修，这个还是很有优势的。,2016/12/27 17:53,JoelW
,,,"我买了2台怡涵大一匹和一台海信1.5匹的机子，都是二级能效的,安装后试运行，松下机子会比海信安静一些（白天测试的，不知道晚上怎么样），但总的来说都蛮安静的。,松下多一个净化的功能，海信有wifi无线控制（空调这个功能感觉很实用，至少比洗衣机WiFi什么的实用多了）。,然后内机的话个人感觉海信会好看些。松下内机有点薄。,价格的话，怡涵大1p的价格差不多是海信1.5P的1.7倍......,格力感觉价格虚高，当时没考虑",2016/12/28 11:14,ilcxy
,,论坛不是有说格力制热卧室很安静吗？说说详细！ 哥们儿,那是他没用过更安静，或者不同型号构造也不一样。,2016/12/28 14:38,waote
,,"我买了2台怡涵大一匹和一台海信1.5匹的机子，都是二级能效的,安装后试运行，松下机子会比海信安静一些（白 ...",请问怡涵是多少钱入的？制热效果怎么样？我房间12个平方多一点，不知道大一匹够不够用。,2016/12/29 12:43,JoelW
,,,12平方考虑制热并西晒建议考虑1.5P。,2016/12/29 16:54,bloodyevil
,,请问怡涵是多少钱入的？制热效果怎么样？我房间12个平方多一点，不知道大一匹够不够用。,"如果没记错的话，京东正常价格是大1匹是4800，当时有2个活动叠加（立减加用券），和海信的配套买怡涵大一匹折合4080/台,前几天有看到论坛里有个人在淘宝买的，1.5P也就4K多一点点，但是不包安装",2016/12/30 9:07,ilcxy
,,,13平米26机子小了，得上1.5匹的。,2016/12/30 9:20,一刀见血
,,,"我在用1P的润典，润系列室外机都一样。润享和润典主要区别是室内机的颜色不同。最近几天开始用来制热了。,确实制热时，功率上600W之后室外机声音稍大，但还能忍受。,不能忍的是，每次制热只能持续5分钟，然后就像在化霜似的，停止制热1分钟，然后又重新开始制热。因此房间总是热不起来，开空调制热前房间里21摄氏度，开了1小时后，只能升到22摄氏度。。。,从功率变化来看，每次开始制热，功率从500W开始上升，到800W持续3分钟左右，然后降到600W持续1分钟，突然就不制热了。不制热时功率立刻下降到50W左右。,老实说，我也不确定不制热的时候是不是在化霜。我在深圳，现在室外温度15摄氏度左右。之前用过海信的变频，虽然容易坏，但从没遇到过这么频繁的化霜。基本上能运行在300W的功率稳定制热。",2016/12/30 9:28,yj10110
美的省电星一级和格力冷静王三级都是35的机子，价格都是3599该如何选？,"两间卧室需要35的机子，看了美的和格力这两款，一个一级，一个三级，但是都不能左右扫风，这点有点遗憾,请问该如何选,还请问这个价格在武汉苏宁厚道吗？",,,2016/12/26 10:43,linlenox
,,,还用选，肯定一级了,2016/12/26 11:01,maxhe8850
,,,1几应该左右 买了记得发报告,2016/12/26 11:09,学习者在路上
,,,但要注意有的一几有热胀冷缩音,2016/12/26 11:09,学习者在路上
刚刚咨询了格力的客服 R32制冷剂的定频机不用抽真空，是不是可以直接pass了,"刚刚咨询了格力的客服 R32制冷剂的定频机不用抽真空，是不是可以直接pass了,R32制冷剂不抽真空安全吗？  看中了3P定频机",,,2016/12/20 9:09,pennyhwj
,,,"和410装法一样啊，要是直接排空会不会爆炸,来自:家电论坛Android客户端",2016/12/20 16:51,veary
,,,"需要抽真空。操作规程也要求防静电。,爆炸的事，从R22到R410，一直不绝于耳。不规范操作都会炸。不用担心。有些是竞争对手故意放大。",2016/12/22 22:46,江城隐士
格力5P吊顶机故障会诊，有请雪军、隐士、被迫.,"办公室的格力5P定频吊顶机，气温高于10度，运行几分钟就闪电源红灯，气温低反而可以运行。,外机翅片有些脏，但夏天制冷还是好的。,室外粗管有弯瘪现象。",,,2016/12/21 10:30,jybabe
,,,检查两温,2016/12/21 10:32,nx713
,,,制热模式，环温多少度？拆开内机面板，干扰法用手加温试试运行情况？找电工用钳型电流表测试一下电流数据？按照上面这位兄台的，一般更换内机管温环温，问题基本解除。再就是内机的清洗过滤网，外机脏的话开机浇灌一盆水就可以。还有可能是制冷剂不够，缺氟。或者内机被老鼠咬断线了。,2016/12/21 10:45,南昌雪军
,,,刚看了一下，外机粗管有弯瘪的问题。,2016/12/21 10:49,jybabe
,,,"出现问题主要与室外温度相关，室外不太冷的时候会出现保护。,室外5度左右的时候，制热正常。",2016/12/21 10:51,jybabe
,,"出现问题主要与室外温度相关，室外不太冷的时候会出现保护。,室外5度左右的时候，制热正常。",清洗过滤网，或者外机。不行，换传感器试试！还有，你检查一下内机传感器，或者接插件，有没有氧化痕迹。逐一排查！,2016/12/21 10:55,南昌雪军
,,,"闪电源红灯，估计是老款的天花机了，我觉得可能是高压保护,来自:家电论坛Android客户端",2016/12/21 21:53,veary
,,,"本帖最后由 向前走就这样走 于 2016-12-21 22:07 编辑,1.png,(198.93 KB, 下载次数: 0),下载附件,2016-12-21 22:05 上传,环境温度高时出现，像是高压（过流）保护",2016/12/21 22:05,向前走就这样走
,,,"进展情况：,1. 铜管弯瘪的地方，适度往回弯折后，状况改善。,2. 另外发现粗管接头部位有轻微神油迹象，检漏发现有泄露。,正联系维修单位前往维修。。。",2016/12/22 9:15,jybabe
,,"进展情况：,1. 铜管弯瘪的地方，适度往回弯折后，状况改善。","把原来的铜管截了他，焊接一段后，从新做过喇叭口，就不用担心漏了，要是加氟等于白加的。,除非你离职，J版主自己开一家公司，单干。请人。招聘人马。到时候过完年，拿到年终奖，就杀油拉拉。。。哦耶·················到时候管他坏不坏。。。",2016/12/22 20:56,南昌雪军
,,,效果正常的情况下，可能滤网脏，风速低，导致蒸发器盘管温度过高,2016/12/22 22:33,江城隐士
本来看好想买格力的定频机，问客服说R32的定频机不用抽真空，然后就不敢买了,R32的制冷剂定频机需要抽真空吗？不抽真空会不会不安全啊,,,2016/12/20 9:03,pennyhwj
,,,"那到时候爆炸怎么办？,墙面炸出一个大窟窿，美曰其名通风透气",2016/12/20 11:09,junychen
,,,我今年按照了一套格力R32定频机，叫品悦3级能效的。压缩机是凌达制造，贴格力牌！当时收氟我都有点怕。R32必须抽真空，出了事，一辈子完蛋。血的教训。直接到监狱去踩缝纫机。或者吃花生米结束人生！,2016/12/20 12:45,南昌雪军
,,我今年按照了一套格力R32定频机，叫品悦3级能效的。压缩机是凌达制造，贴格力牌！当时收氟我都有点怕。R32 ...,"雪军,既然如此.我的客厅3P挂机还是不要选格力的吧",2016/12/21 0:23,momknight
,,"雪军,既然如此.我的客厅3P挂机还是不要选格力的吧","不抽真空，你要格力，不是要了一个定时炸弹吗？,你这有何必呢？还不如拿美的定频或者海尔",2016/12/21 20:33,南昌雪军
,,,R32这个好多安装师傅都知道，全国炸死几个人了,2016/12/22 21:28,tangtan
格力的 润享 和 京致 有什么差别？,我擦，傻傻的分不清啊。。。难道是京东的定制机？,,,2016/12/15 16:05,布衣大盗
,,,"后面那个型号线下没有,来自:家电论坛Android客户端",2016/12/15 21:03,rrrroland
,,"后面那个型号线下没有,来自:家电论坛Android客户端",那为什么京致比润享卖得贵？,2016/12/16 19:39,lc9158
,,,把型号网站告诉我，我分分钟告诉你真实的答应·········,2016/12/16 21:46,南昌雪军
,,把型号网站告诉我，我分分钟告诉你真实的答应·········,就是想知道是不是分实体店款式和电商直销款式？,2016/12/16 22:21,sjh0910
,,就是想知道是不是分实体店款式和电商直销款式？,"嗯········,当你有钱了，线上有一定的大数据，和销量，和潜在的客户，可以向厂家定制，DIY生产机型供货销售。。。。。,当你是店铺了，你需要选择品牌，打款进货，只能拿线下款销售。。。。。。",2016/12/16 23:28,南昌雪军
,,"嗯········,当你有钱了，线上有一定的大数据，和销量，和潜在的客户，可以向厂家定制，DIY生 ...",所以质量和做工还是有差别的，我总感觉网络款不如实体的好,2016/12/17 8:01,sjh0910
,,,京致缩水的的！外机重量轻,2016/12/17 10:07,风中麦田
,,所以质量和做工还是有差别的，我总感觉网络款不如实体的好,相差不大,2016/12/19 22:34,南昌雪军
